variable,run,value
x1,0,28.20523790167017
x1,1,0.10678455970460612
x1,2,-2.7612967162912194
x1,3,1.44901926852929
x1,4,-0.24732415698811724
x1,5,0.7713306269242348
x1,6,0.35316580883722853
x1,7,3.0935464897325784
x1,8,-5.907345916520693
x1,9,-4.26579139441925
x1,10,-0.0687902473568987
x1,11,-0.8957344205470735
x1,12,3.003568832855338
x1,13,-2.3380816385187093
x1,14,-0.13106527197666287
x1,15,-3.3222790625123837
x1,16,3.2891437309487936
x1,17,-4.479430357507237
x1,18,2.6478374468057706
x1,19,0.18652045325090622
x1,20,5.45345132138994
x1,21,0.016686720542314407
x1,22,0.09308915841231773
x1,23,4.668462442256119
x1,24,4.96239509588247
x1,25,1.9971403992583758
x1,26,1.8848492838786972
x1,27,3.082184553302235
x1,28,-2.4068201614230014
x1,29,-3.1699381976181287
x1,30,-1.8708174823077262
x1,31,-0.6897117298701009
x1,32,-0.4071000281429049
x1,33,0.06211618884853999
x1,34,-0.6329300085892765
x1,35,-4.467578761426775
x1,36,2.0233448068008983
x1,37,2.276464258010111
x1,38,3.939957022860685
x1,39,-1.981200349395066
x1,40,2.93878447923768
x1,41,2.6272170280359037
x1,42,0.4910537445383196
x1,43,1.937071004179301
x1,44,-1.0702316079572218
x1,45,1.6626172422582217
x1,46,2.047387996179115
x1,47,-1.2102435599566261
x1,48,1.8888291340134653
x1,49,-0.30809675851333956
x1,50,-4.451877819142415
x1,51,-0.7688482665622809
x1,52,1.0243451729437283
x1,53,-0.625110908337845
x1,54,3.264785094039447
x1,55,2.212994099559316
x1,56,-0.8496297355145622
x1,57,-1.8709360104433792
x1,58,-4.09604472699609
x1,59,4.5230466125828075
x1,60,3.6653736390094696
x1,61,-0.7410140044539237
x1,62,-2.223357790719126
x1,63,3.6411032012364304
x1,64,-0.16137749093806936
x1,65,3.8934897673442816
x1,66,0.25574627056377247
x1,67,-0.6683855968133424
x1,68,-1.3850680723512774
x1,69,0.11798697867607431
x1,70,3.195834350603635
x1,71,-0.43716417881295644
x1,72,-1.2931472027045083
x1,73,0.41088508257545797
x1,74,-9.350969026429107
x1,75,-2.76902390570638
x1,76,-0.9356736085544599
x1,77,1.5716182874243492
x1,78,0.6210731276853219
x1,79,-0.9105736213644122
x1,80,-0.8175292537367158
x1,81,1.3765469195234163
x1,82,-0.40532878773037523
x1,83,-0.756218852345011
x1,84,-4.225473964101459
x1,85,-4.909239296516891
x1,86,2.610371674045235
x1,87,-0.009763863624966689
x1,88,2.6537315924909444
x1,89,3.762372522610439
x1,90,-1.9498611149727814
x1,91,-3.875394794126954
x1,92,0.7842531420876274
x1,93,-4.320402800190733
x1,94,1.728770721362969
x1,95,0.7009619899583894
x1,96,-1.7238260572432917
x1,97,-3.163278049316604
x1,98,4.33939510383178
x1,99,4.222616189311289
x1,100,4.991506889511955
x1,101,-3.0459791738994584
x1,102,-0.013683233693663685
x1,103,3.4547552399508183
x1,104,2.9248964037066445
x1,105,1.422861827546944
x1,106,-1.7808891173709858
x1,107,2.557825744662011
x1,108,-3.158373054831207
x1,109,0.7661201895605597
x1,110,-1.466056555983536
x1,111,1.0944992714070845
x1,112,-1.5415984446395543
x1,113,4.191461913664865
x1,114,-0.9599268781414103
x1,115,0.0911321179725183
x1,116,2.932345831744388
x1,117,-2.937312331842201
x1,118,0.14292620685109908
x1,119,-3.440485130380533
x1,120,2.9548217835206834
x1,121,2.6051517544061964
x1,122,-0.703628958693254
x1,123,-0.2074401134378933
x1,124,0.6611397406534847
x1,125,-0.7890139174785986
x1,126,-0.5887584458022074
x1,127,3.0408480789273358
x1,128,-1.4896801363746965
x1,129,0.6860323344001746
x1,130,-4.633930647544364
x1,131,-1.648441388349113
x1,132,-4.237048282775143
x1,133,0.8222460530206334
x1,134,-2.926532434170125
x1,135,2.805590516867208
x1,136,-0.9360745299084529
x1,137,6.6377380010561176
x1,138,-2.8952684353383153
x1,139,-0.8927876698327889
x1,140,-3.438880164369976
x1,141,-1.5241750700801644
x1,142,4.483683765164636
x1,143,-0.05989220097069066
x1,144,1.4950179705747653
x1,145,-0.7843447067882265
x1,146,2.725251155528455
x1,147,6.941816591068565
x1,148,-1.961920287533552
x1,149,-4.387829576821246
x1,150,0.5346234221452574
x1,151,-1.7230910274246378
x1,152,-1.7462649576322475
x1,153,-1.940729529228927
x1,154,0.922748910103544
x1,155,-1.6473145029677498
x1,156,-8.258212962801341
x1,157,-0.5970111602025632
x1,158,-0.08049338894498997
x1,159,4.207309157586376
x1,160,0.5418062911550944
x1,161,-4.9021112225217935
x1,162,3.4328776550117435
x1,163,-0.48601210710512616
x1,164,-1.041501564570464
x1,165,-0.11546801752705418
x1,166,-1.7555680513499603
x1,167,-4.839504658687665
x1,168,0.822029195919472
x1,169,0.15061901931786326
x1,170,4.9251705301525215
x1,171,-2.3669669054566627
x1,172,-7.374922757443272
x1,173,-1.7118568749409135
x1,174,-1.3939086267480345
x1,175,-0.9078214130157032
x1,176,-1.6650557736280234
x1,177,1.9899023365804978
x1,178,2.1599970969997053
x1,179,-1.4424900150260163
x1,180,6.6939488079660405
x1,181,-1.6052092195318033
x1,182,-0.8686026689129823
x1,183,-0.4619659442824398
x1,184,0.993322080503777
x1,185,-2.792485497736847
x1,186,-4.438323813103067
x1,187,-0.20919763866029062
x1,188,0.6019788206919805
x1,189,-1.383450540383126
x1,190,0.687887203487738
x1,191,-0.3147021496714596
x1,192,-5.793506603365156
x1,193,4.679468203441447
x1,194,6.537260992157209
x1,195,-2.2911966659499297
x1,196,0.5793426825113672
x1,197,-1.0758061119118012
x1,198,0.762722039108013
x1,199,-3.6881669345723904
x1,200,-3.513717736046194
x1,201,1.461433321937495
x1,202,-5.1086209722526545
x1,203,-2.45144521689684
x1,204,-3.8310804078872964
x1,205,-1.7503942427596486
x1,206,0.8050702532354702
x1,207,2.5694634685029403
x1,208,2.835271788913919
x1,209,3.6401054286933974
x1,210,-4.792544905639672
x1,211,4.049563175205597
x1,212,0.4751740646459807
x1,213,-1.9828956726671758
x1,214,-2.633215980008771
x1,215,-1.6361136297093093
x1,216,-0.1542962119504673
x1,217,1.2736776790713187
x1,218,-1.8648426112398888
x1,219,-5.091230491915337
x1,220,1.6546486606121416
x1,221,3.881313984909142
x1,222,-1.2982713997066035
x1,223,-1.1633337659073006
x1,224,-2.8050956768929423
x1,225,-0.2586649135652384
x1,226,0.23030052040398544
x1,227,0.20965478069382354
x1,228,-1.5220381887959415
x1,229,2.5358613765989615
x1,230,0.3273640384839368
x1,231,5.7661078711364455
x1,232,1.6914397686148874
x1,233,0.5754234577628401
x1,234,5.584734873437752
x1,235,5.878090094118276
x1,236,-4.736145732558014
x1,237,-1.6321782826437903
x1,238,3.7780008255271786
x1,239,2.8411669959391888
x1,240,-2.7466359520839143
x1,241,-4.41673284683797
x1,242,-5.930065800960422
x1,243,-2.2786517245786158
x1,244,3.8338605970633046
x1,245,0.08618016040115213
x1,246,2.314215021270927
x1,247,-2.851620258879018
x1,248,-3.312137107721272
x1,249,1.8328796688520212
x1,250,-3.8310151300772577
x1,251,-0.17639690206908437
x1,252,1.6069203406563817
x1,253,1.0818727256802043
x1,254,-3.1527632644386516
x1,255,3.6536570874224066
x1,256,1.1415220591650892
x1,257,0.3366472046338528
x1,258,2.7245334800560363
x1,259,0.6740271260236899
x1,260,3.3208608500638532
x1,261,-2.79831889493917
x1,262,0.7498185214442104
x1,263,-1.3629329204481901
x1,264,1.3418287351773355
x1,265,4.313052854055748
x1,266,-1.3931124844770826
x1,267,2.723172683362904
x1,268,-0.9181117097796305
x1,269,-2.3343111569993265
x1,270,-1.4477412810425017
x1,271,3.097963968736378
x1,272,-0.01748359743409501
x1,273,0.07829380975399032
x1,274,-1.6628206835913786
x1,275,3.097853512583674
x1,276,-0.516102643675818
x1,277,-1.675020212084786
x1,278,0.8401958099055318
x1,279,-3.552608368688376
x1,280,2.5168353244189077
x1,281,3.8620108140879505
x1,282,3.44065470590375
x1,283,3.962598970904021
x1,284,3.3889034442514108
x1,285,3.6609057013649515
x1,286,3.347637449136867
x1,287,-3.092484665680391
x1,288,-5.149549540141993
x1,289,1.8905533732495576
x1,290,4.667877253494852
x1,291,0.8360001701989052
x1,292,-0.3574502858344017
x1,293,-0.7542246821528672
x1,294,0.36189894243753157
x1,295,-0.09720066975698909
x1,296,-0.7171454362824536
x1,297,-0.40409548550715896
x1,298,-0.1896954048294893
x1,299,-0.10650008676132404
x1,300,6.664810149084111
x1,301,0.9362195237542071
x1,302,-4.549887993657035
x1,303,-2.5376364865492564
x1,304,-0.37938260543799135
x1,305,5.083399063523395
x1,306,0.4068658543799453
x1,307,0.1951752675515262
x1,308,0.9506321715772649
x1,309,-3.176665934641531
x1,310,0.09559502976519402
x1,311,4.016281183780515
x1,312,1.6220359759457048
x1,313,2.7592022374643155
x1,314,-4.622126170792072
x1,315,2.894890104877828
x1,316,8.254877060448916
x1,317,4.624626668690324
x1,318,0.7806516353411899
x1,319,-3.315384322477134
x1,320,2.4660016508438423
x1,321,-0.9694221135206481
x1,322,2.9358191033971504
x1,323,-1.2044639066931158
x1,324,4.857951176586284
x1,325,-3.103679555520095
x1,326,1.220975279563838
x1,327,-0.597495366438636
x1,328,1.414152903280792
x1,329,0.4282235244450642
x1,330,-0.12172633088040806
x1,331,-1.2085000663780356
x1,332,-1.9482747967503504
x1,333,-6.767825949368032
x1,334,4.318583574920652
x1,335,0.18376107117612916
x1,336,-1.5155755841341478
x1,337,-3.380485837264474
x1,338,-1.0107673540621882
x1,339,-3.1664209173316675
x1,340,1.8969086118909047
x1,341,-4.1634528072277215
x1,342,-3.9828071395511464
x1,343,-5.256719585469048
x1,344,-0.9033302932426336
x1,345,-1.1012028027365022
x1,346,1.2717850296026039
x1,347,2.1459079009564084
x1,348,0.7163012581100378
x1,349,2.6375692332325142
x1,350,-0.2700697231922576
x1,351,-0.1874205273733064
x1,352,-0.47017729815425147
x1,353,2.544041046100036
x1,354,-0.44529494021973887
x1,355,-1.5942957465060774
x1,356,2.566085585685129
x1,357,-1.5746626840027351
x1,358,7.074294481043075
x1,359,2.4859779868745524
x1,360,0.46934304553252526
x1,361,6.342291556326207
x1,362,1.9839319844860885
x1,363,-3.5867387095185412
x1,364,3.0823127921530338
x1,365,-4.884495618132306
x1,366,6.487047919179388
x1,367,-0.7153394686238549
x1,368,-0.022437591249786268
x1,369,-2.9661172483830835
x1,370,-1.516430869436025
x1,371,-1.8544854480501844
x1,372,-3.56785262800193
x1,373,4.080232360068648
x1,374,-1.6661395413581708
x1,375,0.8575283746960216
x1,376,1.3074345574020871
x1,377,-4.692760932088426
x1,378,-2.3628729418380328
x1,379,-0.07427828734835638
x1,380,5.409077630826579
x1,381,0.9098804322060604
x1,382,-1.8137701752858995
x1,383,-1.1880058270012903
x1,384,-0.9255436892741585
x1,385,4.404325820335695
x1,386,-5.2001736745499585
x1,387,-0.7388846563513727
x1,388,2.3605018790971704
x1,389,-1.8380676261928055
x1,390,5.067010002784343
x1,391,-1.0009780329428495
x1,392,1.3806019194924382
x1,393,2.0380335782893595
x1,394,-0.5070468726899817
x1,395,-0.9297458750431289
x1,396,2.898567148958139
x1,397,2.85735397692349
x1,398,-2.2656498379470573
x1,399,-2.908538836394595
x1,400,-0.30841192790606003
x1,401,-3.584614307455361
x1,402,2.1237880649078877
x1,403,-0.22691646851187675
x1,404,-4.7219191215133
x1,405,-4.739160995411996
x1,406,-1.1468581415322026
x1,407,0.9016104467029193
x1,408,0.0023136331160907952
x1,409,2.9445424137680907
x1,410,-0.09421252906257142
x1,411,-2.8625104077174437
x1,412,4.366952711305547
x1,413,0.05716245601653269
x1,414,0.5844187776872213
x1,415,1.1084879032604669
x1,416,0.6971763273581807
x1,417,0.12280515295967832
x1,418,3.264365653784299
x1,419,1.3246189971375466
x1,420,0.908381964920672
x1,421,-1.2680766663286036
x1,422,-0.9590247356401015
x1,423,1.3005463563410058
x1,424,-5.869748997342176
x1,425,0.758956146403648
x1,426,-2.853516266353187
x1,427,-2.1001008789512325
x1,428,1.9594770627088054
x1,429,2.1890833507412246
x1,430,1.6789560673540374
x1,431,-0.35205170473972963
x1,432,3.0995118315297088
x1,433,-5.682851539264149
x1,434,1.0322526920306863
x1,435,3.2357810518642096
x1,436,-4.5377964848594825
x1,437,-2.7170779682231414
x1,438,-3.719522482149271
x1,439,-0.8434893709495864
x1,440,-0.5885567917848762
x1,441,-2.7694275480210364
x1,442,-0.02064234196335464
x1,443,6.172160771901969
x1,444,2.942899638421216
x1,445,4.465030253144598
x1,446,5.327484740724093
x1,447,-0.7058247820491331
x1,448,1.5400079979632835
x1,449,3.3195866136649497
x1,450,-2.149541127300782
x1,451,-0.5301185723302947
x1,452,-0.937439971240686
x1,453,-4.8480279422838155
x1,454,-2.044366389730711
x1,455,-0.6511988650480913
x1,456,-0.9208606890841224
x1,457,-1.2839542515716007
x1,458,1.1457272849597668
x1,459,-6.3114063685869315
x1,460,2.817595378734532
x1,461,0.8533452400556453
x1,462,2.489490698638788
x1,463,-0.9451293520220443
x1,464,-0.42990490828308453
x1,465,-3.17492895852886
x1,466,2.613665457280771
x1,467,1.6305416057531084
x1,468,1.2941101915387747
x1,469,4.234639646241203
x1,470,-1.394377508982285
x1,471,-2.627360019116459
x1,472,-0.48259728966597626
x1,473,-0.07632555292502152
x1,474,-5.377527051285989
x1,475,-4.808070618243765
x1,476,-5.5651597974827824
x1,477,-3.157782160083847
x1,478,-0.5070628471082066
x1,479,4.177694754396002
x1,480,2.1407656392455356
x1,481,-5.406489479442004
x1,482,-1.5951819973528338
x1,483,-2.1350164954023114
x1,484,-0.0020479215292743286
x1,485,3.10200142937177
x1,486,1.1444849813804363
x1,487,-3.7598362849328257
x1,488,2.157325237279978
x1,489,2.6805716292223796
x1,490,3.6269409217983686
x1,491,-5.152976945398517
x1,492,-1.0065753638128812
x1,493,-2.399870148515744
x1,494,-4.3031715071221095
x1,495,0.5664869638496973
x1,496,3.903047288089968
x1,497,-3.988399718045379
x1,498,5.360246296817364
x1,499,2.5559276434202842
x1,500,0.9145884453879356
x1,501,-1.4334868125480067
x1,502,0.9908784547668911
x1,503,1.209378264936109
x1,504,-3.811690388490116
x1,505,0.4039025618817582
x1,506,1.9623443074273554
x1,507,2.3819839950646857
x1,508,0.6609981860814762
x1,509,-1.3343099122410484
x1,510,-2.2367267173868095
x1,511,-2.7619356520937606
x1,512,2.7361537166933423
x1,513,0.743141662606512
x1,514,-7.318894220310104
x1,515,4.485998350820309
x1,516,-4.6755776759811285
x1,517,-0.9438129978153018
x1,518,4.032038660042451
x1,519,3.9495645662226675
x1,520,-0.15521408529567032
x1,521,4.087294244622123
x1,522,-2.26842614028517
x1,523,1.2573083175042021
x1,524,-2.086839874519207
x1,525,-1.472566032718726
x1,526,-2.7219188690487837
x1,527,1.573720262377737
x1,528,1.406311602594504
x1,529,4.174458032822389
x1,530,-1.8553755679537218
x1,531,-1.529785185562239
x1,532,1.6253138048842484
x1,533,3.50370191742607
x1,534,1.3852843477537193
x1,535,-4.862870903019821
x1,536,-1.9536721989612018
x1,537,-4.712861483970987
x1,538,-3.207171418643531
x1,539,-0.8840394757537395
x1,540,-3.3700127759141036
x1,541,4.802749147905497
x1,542,1.9582530170371204
x1,543,-1.0876169833130005
x1,544,5.078410173000585
x1,545,-5.185189178701873
x1,546,2.367908242332687
x1,547,-2.748794380518467
x1,548,1.8212016115415817
x1,549,6.097346770278322
x1,550,4.911862561829671
x1,551,-4.6887623813938735
x1,552,-3.532894948304945
x1,553,-4.5050801392240025
x1,554,4.652964360671698
x1,555,-4.697460680001647
x1,556,-1.9778724950800466
x1,557,-4.021247465260865
x1,558,-6.7521107466787935
x1,559,0.550785865342338
x1,560,0.5649746572338381
x1,561,2.1636350434253906
x1,562,-5.970950355461603
x1,563,-2.185063531349965
x1,564,-2.826449917168208
x1,565,-0.45842698455992825
x1,566,0.47516653438019557
x1,567,1.3344191375022914
x1,568,2.8627948789883364
x1,569,-1.230580027088548
x1,570,0.6911190156786577
x1,571,-2.950834772156769
x1,572,2.643732403721985
x1,573,0.20136705019720944
x1,574,-3.650018018842191
x1,575,-1.5384466180203047
x1,576,-2.2428256185804916
x1,577,-3.0405851494064082
x1,578,-3.038426225178883
x1,579,3.015373503028921
x1,580,-0.6648856668215206
x1,581,2.7227458417394614
x1,582,0.20031133222684827
x1,583,0.660454813814005
x1,584,2.869125668847578
x1,585,2.2572010762171204
x1,586,-0.7596863865598086
x1,587,-1.5049008046448928
x1,588,-3.171981861967412
x1,589,-3.7698469049920766
x1,590,0.6509093574884411
x1,591,-3.314414002183657
x1,592,-2.142605146990194
x1,593,-0.73188149384797
x1,594,-0.26912452383739516
x1,595,0.7949871553233725
x1,596,-1.2940168718758627
x1,597,0.10257166620222015
x1,598,-3.931662571815705
x1,599,1.856601577600242
x1,600,3.412778728399603
x1,601,-0.03949396310875269
x1,602,1.8714336802916385
x1,603,5.707677026848621
x1,604,1.037352335087353
x1,605,-0.7075454426305264
x1,606,0.7781263112753908
x1,607,-0.7050330546629601
x1,608,2.8247732760488784
x1,609,-0.1715922661083356
x1,610,0.26197905152383105
x1,611,-0.2569264965977371
x1,612,-1.3177785690334485
x1,613,1.8186613884357676
x1,614,-0.036498092133913564
x1,615,0.554575156545754
x1,616,-0.3718442653457319
x1,617,0.8104681008786294
x1,618,-2.151776385044777
x1,619,1.7514988151615754
x1,620,-3.4487995596967465
x1,621,-2.2696293735616235
x1,622,-2.8965081635501924
x1,623,3.296543572697961
x1,624,4.61417459320838
x1,625,-8.167992876651494
x1,626,-3.7766440350964503
x1,627,-2.4165826519873552
x1,628,3.1513444199283525
x1,629,-1.3764726017835232
x1,630,6.608600071819235
x1,631,-1.12010778418101
x1,632,-2.102641884529819
x1,633,-5.0736529279288
x1,634,-3.8839224357833437
x1,635,1.8133595123756234
x1,636,5.302481109496509
x1,637,-3.655176277178343
x1,638,-4.5655809365882885
x1,639,-3.6838598501950788
x1,640,-1.061402128806556
x1,641,-4.431415276810613
x1,642,-2.6178690797384054
x1,643,-2.3987726218179333
x1,644,-0.4093908757462567
x1,645,4.96775051383943
x1,646,-0.0413742411466397
x1,647,2.140403725821162
x1,648,-1.145731846557211
x1,649,3.826267218921302
x1,650,1.553225370579227
x1,651,0.05795431268592748
x1,652,-2.2704760370477213
x1,653,6.925240653149519
x1,654,0.5472422906248025
x1,655,-1.4642240909278406
x1,656,0.34909279024569134
x1,657,-0.3461740745545284
x1,658,5.1734224274190925
x1,659,-1.7447326326458623
x1,660,-4.09109339678186
x1,661,5.818505079282783
x1,662,-0.6920976256083875
x1,663,-0.18532723564088563
x1,664,1.179440829668679
x1,665,-0.01985298865916778
x1,666,-4.470125931693553
x1,667,1.7067018403562748
x1,668,-2.1354944257468906
x1,669,5.3653802183565915
x1,670,0.9444756120418262
x1,671,0.6074765365274969
x1,672,7.231623554410372
x1,673,-2.383625582764553
x1,674,-3.3699252109927835
x1,675,0.008446916881620765
x1,676,1.954759023762433
x1,677,-2.862139627078951
x1,678,0.3822691465751665
x1,679,0.3302896288557799
x1,680,6.096936896133327
x1,681,-0.2822463709947584
x1,682,1.0836274398367236
x1,683,1.8306759107079371
x1,684,0.23785084327081282
x1,685,1.9969580554989221
x1,686,-3.578169436868672
x1,687,2.5529515985318123
x1,688,0.7394093680045569
x1,689,-2.1130966533071334
x1,690,0.9507495732687581
x1,691,-5.367018074490238
x1,692,-4.660364753443801
x1,693,-0.666487597211746
x1,694,0.29025098625124596
x1,695,1.6209820791597405
x1,696,-4.121781429134613
x1,697,2.309789461833854
x1,698,-4.662127221265418
x1,699,-8.083613172738566
x1,700,-0.9783666564599781
x1,701,0.7241118549951583
x1,702,-0.574183875026524
x1,703,-2.472369608553818
x1,704,-1.1928564104712467
x1,705,0.5389950005644756
x1,706,0.10873984830878385
x1,707,4.619331742808554
x1,708,-1.0078507569759414
x1,709,3.134778646675808
x1,710,-1.3154943035896713
x1,711,2.492360900675059
x1,712,-1.6974488048745966
x1,713,0.6629844912213336
x1,714,-2.4195995501380363
x1,715,2.5325579535013323
x1,716,-2.5988590594830976
x1,717,-0.4926459659330864
x1,718,-0.542513102253254
x1,719,-0.7702144292863567
x1,720,1.1858589276984741
x1,721,4.1788827079156325
x1,722,0.0083388585182807
x1,723,0.6191111203703291
x1,724,-4.480193517682816
x1,725,0.1630526028729165
x1,726,0.9469024706035295
x1,727,1.4438093371376761
x1,728,1.7627153427973765
x1,729,-1.0696504275086047
x1,730,4.303633864709518
x1,731,-5.743749389119622
x1,732,-0.007230988710314912
x1,733,-1.6939374958952067
x1,734,-1.4413100934863652
x1,735,-2.8557787356187347
x1,736,2.2653531047256488
x1,737,-1.720162941375469
x1,738,2.1170746545863044
x1,739,1.2698168760284005
x1,740,1.6986586743567198
x1,741,1.4911702147921815
x1,742,-1.0574438300031628
x1,743,-1.6936698579774676
x1,744,7.480081326323281
x1,745,1.592989953724804
x1,746,-1.366742952133358
x1,747,-1.9131949862348436
x1,748,-0.7180640610585156
x1,749,4.263223406523061
x1,750,-2.727886465958798
x1,751,-2.1233809516075075
x1,752,0.6944005985756585
x1,753,2.217115640254693
x1,754,-1.7455288669797153
x1,755,-1.4037314620081873
x1,756,-0.29773975227549687
x1,757,-4.994128393054771
x1,758,-1.2250287257803936
x1,759,1.0601100185409682
x1,760,2.9333200460608513
x1,761,-3.1318585047413285
x1,762,-2.2295524657250607
x1,763,-0.6715780317067465
x1,764,-0.16518946578916816
x1,765,-0.8165846813607214
x1,766,-5.124645530505574
x1,767,5.263369613297818
x1,768,3.659269177367303
x1,769,1.2674241747212867
x1,770,-0.1119179166977013
x1,771,-0.6826840830851335
x1,772,-6.194123802691326
x1,773,1.6145718459988012
x1,774,-1.2444356561713765
x1,775,-4.795203393268647
x1,776,-2.328516358785046
x1,777,0.09358724891923985
x1,778,-3.146931315939253
x1,779,1.638850443048126
x1,780,-2.0559411372783734
x1,781,-2.0128341772139433
x1,782,-0.7449353164154695
x1,783,-0.5147635668562758
x1,784,0.7563331075984212
x1,785,-0.47180814840689383
x1,786,-0.7778216010813591
x1,787,-3.932289555555908
x1,788,-1.8851219210818322
x1,789,-3.452373302515654
x1,790,-1.1349507896972122
x1,791,1.365901023309864
x1,792,-1.538266484067106
x1,793,-1.1790514822303606
x1,794,1.7819830122556075
x1,795,1.2082541850398714
x1,796,-1.355209664600914
x1,797,-2.13674354140716
x1,798,0.9605276079620619
x1,799,-0.668186956178894
x1,800,1.8048550225946922
x1,801,0.9866604602328437
x1,802,0.4287240410386693
x1,803,0.23475120986672102
x1,804,-3.482380564559689
x1,805,1.7223917418245143
x1,806,1.9567713073803252
x1,807,-4.481450055192503
x1,808,0.01971559612167704
x1,809,-1.0608152526204546
x1,810,-3.141192672850668
x1,811,-0.23234207110811483
x1,812,4.052605879380173
x1,813,3.6881824019367015
x1,814,3.1111916677100417
x1,815,2.7025118600792477
x1,816,1.785437381346419
x1,817,0.4981101450919883
x1,818,-0.31354570873198606
x1,819,-5.807750022866182
x1,820,6.023643116685541
x1,821,-2.742760236051267
x1,822,-2.4537743562027514
x1,823,-2.417830387680733
x1,824,-1.5366993478817106
x1,825,2.1705236071140193
x1,826,2.7038657134738218
x1,827,3.671577579808559
x1,828,2.855317587193435
x1,829,1.1350522006014423
x1,830,-0.4395831568473036
x1,831,2.0948346991065097
x1,832,-0.28257007303395903
x1,833,-0.6684093986566753
x1,834,-2.5027772841591003
x1,835,-4.458552255497344
x1,836,-2.1941218362157437
x1,837,4.484594067339922
x1,838,2.375445023643951
x1,839,1.187066620655338
x1,840,3.4480183408530984
x1,841,1.1562916045483624
x1,842,-6.017593179955387
x1,843,-2.0382665078142
x1,844,-1.687158323047627
x1,845,5.283024878476325
x1,846,-3.780952981664636
x1,847,-6.573841866542943
x1,848,-0.134776306237525
x1,849,-3.8874408015823314
x1,850,-2.918577296390552
x1,851,-2.0805762151013067
x1,852,1.871066041466471
x1,853,-0.944873650265159
x1,854,1.8862012609396956
x1,855,-5.9861370653826
x1,856,-3.243983070072149
x1,857,1.0411882553065928
x1,858,2.4301952972853993
x1,859,-2.913625551130027
x1,860,0.47612305432348123
x1,861,1.4698060283621877
x1,862,-2.7529905793139458
x1,863,2.372828370981177
x1,864,4.559606173883896
x1,865,2.494337263844213
x1,866,0.9716232198975582
x1,867,-2.3765829908261558
x1,868,-2.048715513098462
x1,869,0.5501272455915708
x1,870,-6.758720930525203
x1,871,3.4393160532216878
x1,872,0.42855800689246765
x1,873,-0.49177405839597765
x1,874,1.7907149937141764
x1,875,1.5322141657162738
x1,876,2.9539764360382903
x1,877,-0.9839455235177098
x1,878,-5.131898930621261
x1,879,-3.1530558683603376
x1,880,-0.18354950727167804
x1,881,0.6350849610301235
x1,882,5.080430529846846
x1,883,-0.4403378657888478
x1,884,0.8836592121743329
x1,885,2.035496443567057
x1,886,1.7055586194661383
x1,887,-6.6461922826686255
x1,888,1.688412995828813
x1,889,-1.6181921034308917
x1,890,-4.730123810670707
x1,891,1.0630838136408038
x1,892,-2.7429884162891978
x1,893,-0.7092814527440672
x1,894,2.0949508506434973
x1,895,-1.6664181386817336
x1,896,-0.705987817434267
x1,897,6.014528263100732
x1,898,-4.289292428263732
x1,899,1.815271995235889
x1,900,-4.284325026678069
x1,901,-1.3693406401878296
x1,902,0.3138522081136997
x1,903,1.901211362623957
x1,904,0.015507892428625781
x1,905,-1.3004721079656454
x1,906,-2.0497300094471615
x1,907,-3.282726251344602
x1,908,-0.5626834644588001
x1,909,2.9974574349107326
x1,910,1.1406583045341867
x1,911,0.5667506389164727
x1,912,-2.9930402877867532
x1,913,2.025760317830667
x1,914,-4.289867384002821
x1,915,1.7369825420277358
x1,916,-2.6359676423880845
x1,917,0.9109847695172988
x1,918,0.40705376852842945
x1,919,-0.3520345319969424
x1,920,-3.250335215623406
x1,921,0.9143144174752802
x1,922,-0.9163341708962088
x1,923,-1.1658530749301834
x1,924,2.2616327888940324
x1,925,-2.2757472743145133
x1,926,-1.3124027487347758
x1,927,0.48443552071711765
x1,928,4.654399262300154
x1,929,4.041062789460774
x1,930,2.0228622500080804
x1,931,1.6569060234366007
x1,932,-2.2469393812487417
x1,933,4.6417003248368305
x1,934,2.3979719797611736
x1,935,-2.7363859490946822
x1,936,-2.151050091819217
x1,937,-0.5919893950691845
x1,938,-1.756905579844305
x1,939,-1.8048847169407574
x1,940,3.2037534525655875
x1,941,-0.489221088660954
x1,942,-3.100191171071465
x1,943,1.196189665130039
x1,944,4.18131159534255
x1,945,2.076812053427647
x1,946,1.292009245884537
x1,947,1.9564521530371584
x1,948,7.789390451117831
x1,949,-3.5757805771032682
x1,950,-1.609233428740816
x1,951,0.4036211718105547
x1,952,3.184522089518648
x1,953,-2.427582413007007
x1,954,-3.032391929901627
x1,955,-3.1100243117713027
x1,956,0.5882598512459465
x1,957,4.165160387074239
x1,958,-3.8367778130156367
x1,959,6.212377955728173
x1,960,3.671731779228458
x1,961,5.502731247746374
x1,962,-1.4698217346425213
x1,963,-0.28750536956832007
x1,964,-3.566711372667336
x1,965,0.6220595854185482
x1,966,-5.861427740448997
x1,967,-0.5320940021693434
x1,968,0.16029794800300856
x1,969,-2.417067244689854
x1,970,-3.346240458987622
x1,971,1.3732658251452203
x1,972,3.2890615823869873
x1,973,-0.07137052099174543
x1,974,2.8628741443387566
x1,975,0.32716948764533926
x1,976,0.6746484259329122
x1,977,-3.364084374271164
x1,978,2.057135972508619
x1,979,7.281309889297366
x1,980,3.009032998287179
x1,981,-3.0258026609015682
x1,982,-4.468071054163043
x1,983,-0.41330223763047835
x1,984,-0.7370138687605572
x1,985,8.082945237686296
x1,986,-2.180024525745869
x1,987,1.8487600157551107
x1,988,-1.7415653090693215
x1,989,-2.6727513785910655
x1,990,0.12399733965199121
x1,991,2.250053556288756
x1,992,0.38547464868824743
x1,993,-1.8055294926137961
x1,994,1.8852082057065866
x1,995,1.4102301100419181
x1,996,1.563740409340982
x1,997,4.618380542499709
x1,998,3.317174045232151
x1,999,0.8938599703724779
x2,0,75.04998214054582
x2,1,-0.7377910154082858
x2,2,8.469657729931871
x2,3,7.353707502886336
x2,4,0.29825162611709644
x2,5,-2.7197308914815252
x2,6,8.736682424736323
x2,7,4.706670456459547
x2,8,4.462747197497462
x2,9,-5.488805957890502
x2,10,5.640935042597511
x2,11,8.116724377105946
x2,12,2.6821941689072304
x2,13,-2.544314127066105
x2,14,-3.1792408439697386
x2,15,11.09445661495465
x2,16,11.961819345818828
x2,17,-3.1578958615027046
x2,18,-2.5729591708912345
x2,19,1.9452647161464878
x2,20,1.3963709003455183
x2,21,-12.668671941798177
x2,22,4.671368034790005
x2,23,4.9364784332918425
x2,24,7.949160114217063
x2,25,13.817251216148206
x2,26,-3.593884360822969
x2,27,15.034679239863445
x2,28,-14.916254276165361
x2,29,-4.2975198177857585
x2,30,1.9313402443716292
x2,31,9.2311190736587
x2,32,5.367564411356277
x2,33,-11.97516584971383
x2,34,17.44046055908533
x2,35,11.697062434474873
x2,36,0.29543041310864204
x2,37,-21.71836348342246
x2,38,1.586752286468486
x2,39,11.618357375454725
x2,40,1.9533983928845968
x2,41,-24.342646879589704
x2,42,5.339392827613957
x2,43,-3.0704288827864925
x2,44,-7.548547519378008
x2,45,0.505004530867514
x2,46,3.2869778986204814
x2,47,-1.6476580911684593
x2,48,0.5581483809315593
x2,49,4.850144671727154
x2,50,-8.603414703081281
x2,51,8.441611156467685
x2,52,-0.43941860045677483
x2,53,-6.7432672648714425
x2,54,3.397502588977538
x2,55,-0.6050534335828335
x2,56,8.45755301876505
x2,57,-12.295632187862658
x2,58,9.277203150527042
x2,59,0.2656485776628408
x2,60,6.696346958161289
x2,61,-4.977422864188425
x2,62,-3.199491742677183
x2,63,14.55210141840188
x2,64,1.0327169890614218
x2,65,-8.570383938175839
x2,66,-1.207980984607719
x2,67,4.530339154347185
x2,68,-5.936960518108711
x2,69,-13.993603286281214
x2,70,-9.18600517900445
x2,71,9.769730324393306
x2,72,0.6484123664663795
x2,73,-16.700805224119605
x2,74,-9.854833680250163
x2,75,-1.8547797651688338
x2,76,1.2836676807977092
x2,77,-2.0874189700980104
x2,78,-6.045116933275134
x2,79,-5.087078191008201
x2,80,-9.928264856012774
x2,81,-8.787717265049853
x2,82,0.9868287916837382
x2,83,-13.428601258784209
x2,84,-0.032787507104108826
x2,85,-1.2168608337722198
x2,86,-13.700324549798188
x2,87,2.225311395520821
x2,88,6.324920220945327
x2,89,7.357019427620504
x2,90,-1.4606093369706503
x2,91,3.428622396478527
x2,92,0.6618293557065371
x2,93,7.343296547107126
x2,94,5.129988200640632
x2,95,-7.927507424169539
x2,96,-1.2924016758294883
x2,97,6.373960058591326
x2,98,-5.763400429605255
x2,99,-0.024617819566151056
x2,100,4.311729459477899
x2,101,14.68834787494815
x2,102,-8.454329449924321
x2,103,7.355474969919939
x2,104,8.60512692755542
x2,105,-4.801105614912846
x2,106,-4.436417592206405
x2,107,1.4299112958785827
x2,108,-22.653948652394742
x2,109,13.392327254885974
x2,110,5.770580490561273
x2,111,-12.154705666072445
x2,112,3.707261473192533
x2,113,5.454677154349492
x2,114,1.593307887723947
x2,115,-10.52622931235202
x2,116,3.771303723959159
x2,117,10.20016657168043
x2,118,-4.421101561329577
x2,119,-7.317621404968605
x2,120,-1.913563941300433
x2,121,5.270462319978071
x2,122,-2.8366437597154626
x2,123,-4.0691647515750144
x2,124,-2.216851566697933
x2,125,6.104921035829009
x2,126,10.304970119347548
x2,127,6.025314288607895
x2,128,-2.484558387164304
x2,129,-7.108502821165395
x2,130,-1.8737448777284964
x2,131,7.246063062174045
x2,132,8.199143061656674
x2,133,-0.5227703901812326
x2,134,7.7866599365768465
x2,135,-3.5702369451804064
x2,136,5.29298442191517
x2,137,-1.698268890395994
x2,138,1.5218892869411444
x2,139,2.3021931898558616
x2,140,3.214423371796334
x2,141,-6.50180622885887
x2,142,1.099201928923339
x2,143,-9.356068763663162
x2,144,15.489455624769572
x2,145,8.567273611491906
x2,146,3.313880768270531
x2,147,12.07394732011143
x2,148,11.31632297758178
x2,149,-12.46044671831801
x2,150,-12.02749303616703
x2,151,7.299548733904544
x2,152,16.5599987988751
x2,153,-3.6732151402456026
x2,154,-0.3983397539061091
x2,155,-5.063697153580211
x2,156,-8.821580509178963
x2,157,-7.40042973936133
x2,158,-7.144351168215142
x2,159,16.115271698962452
x2,160,-10.08034943525194
x2,161,-12.64486324281634
x2,162,9.859337553132159
x2,163,-9.080524367293933
x2,164,-3.8146015652574423
x2,165,1.2654612032318067
x2,166,-0.986658085471011
x2,167,-1.1620872749340236
x2,168,1.994711581565996
x2,169,-3.04862824113199
x2,170,-2.02551443970731
x2,171,-7.51572519475493
x2,172,2.3756824384175577
x2,173,0.8076741418985005
x2,174,4.512020957606132
x2,175,10.306339991131784
x2,176,1.2216487315128832
x2,177,-6.092561792276883
x2,178,1.9994712041147409
x2,179,-13.437080781907097
x2,180,-2.805859528063385
x2,181,0.810179102290876
x2,182,-2.3240917775535372
x2,183,-3.2710526460696965
x2,184,4.583091839823918
x2,185,4.900208021514082
x2,186,7.108665287636861
x2,187,0.10704963828554881
x2,188,3.2742607039408202
x2,189,-10.589300443019548
x2,190,-11.138662451764302
x2,191,5.768486890421386
x2,192,-1.378534967067628
x2,193,2.541541123095037
x2,194,21.03383705110086
x2,195,9.762967187974327
x2,196,-5.279357027877651
x2,197,-12.85064717607061
x2,198,-18.712763727820718
x2,199,-2.6938986532763654
x2,200,15.44789652362914
x2,201,2.121756332467145
x2,202,0.8531263202748551
x2,203,14.27083343929952
x2,204,6.8174506840658395
x2,205,0.009394458375126646
x2,206,4.387350803136744
x2,207,15.282657404132305
x2,208,2.3842003889029026
x2,209,3.364394913132644
x2,210,1.5226183174390755
x2,211,-11.179280347246845
x2,212,-12.09789895973433
x2,213,12.72355169690465
x2,214,-8.50295854048482
x2,215,-1.7636194007140702
x2,216,-0.14595707312364326
x2,217,-5.444760565838216
x2,218,-5.433291096746128
x2,219,-2.966042451685972
x2,220,-6.290864209217102
x2,221,6.658187599364506
x2,222,-4.138517474238592
x2,223,15.19384848036665
x2,224,5.411485576609072
x2,225,5.642226858643567
x2,226,-0.21741283406727518
x2,227,3.188281971691417
x2,228,-7.81849634969441
x2,229,4.1458436289755305
x2,230,-1.5592878573456517
x2,231,9.283067805808203
x2,232,-8.26796466747585
x2,233,-1.178403615377329
x2,234,7.421932446188178
x2,235,10.893898824792863
x2,236,-5.179938217022128
x2,237,9.804648405666534
x2,238,-2.9093339978716344
x2,239,1.4041478850940585
x2,240,-7.06998456353863
x2,241,1.9110968394647632
x2,242,1.4558374516212123
x2,243,-1.583031710517357
x2,244,3.24238039308211
x2,245,-0.9350514234768585
x2,246,11.645254121250987
x2,247,0.7994927322859926
x2,248,6.705340041891626
x2,249,10.853311650786925
x2,250,-8.314100213820629
x2,251,-8.48036832681688
x2,252,3.989400828061534
x2,253,2.4022649695549934
x2,254,6.196697393051185
x2,255,14.176255355244614
x2,256,5.262177207231574
x2,257,3.8583755858416486
x2,258,1.178648810885969
x2,259,-4.058979418312715
x2,260,-0.3170212602069675
x2,261,-11.843584454642045
x2,262,-8.255590729190276
x2,263,-5.847825779790412
x2,264,-0.9512189272472202
x2,265,-6.059953198434585
x2,266,-2.770759787310169
x2,267,12.11599986185411
x2,268,2.204104908880936
x2,269,-1.616638386002835
x2,270,7.486488901154464
x2,271,12.450632143393598
x2,272,0.7951756335662363
x2,273,-3.395434994571664
x2,274,5.565301569150424
x2,275,1.3656539657989235
x2,276,7.667578787878432
x2,277,19.08672190976719
x2,278,-13.923652988187055
x2,279,15.386586601787856
x2,280,-0.0194739156851913
x2,281,3.148137902355611
x2,282,-4.17998128463284
x2,283,-5.356520964941624
x2,284,6.490993585988166
x2,285,1.227548014879405
x2,286,1.0644473749425494
x2,287,1.8868593517109122
x2,288,-9.47946057594193
x2,289,-0.888778798245327
x2,290,2.7299110526618833
x2,291,-10.242790000062278
x2,292,10.354714411492717
x2,293,-4.757789242368913
x2,294,11.077943732200161
x2,295,1.7449078672004132
x2,296,14.151256269336582
x2,297,11.08170483225165
x2,298,1.884132919985035
x2,299,-11.65310382651934
x2,300,8.221943673480329
x2,301,8.574313560005852
x2,302,3.6535490726027122
x2,303,9.125920670557377
x2,304,-5.246228163649633
x2,305,-5.569107622749602
x2,306,1.8477721600874695
x2,307,-5.227929173531177
x2,308,2.1659856706840603
x2,309,6.864840043853523
x2,310,-7.454315056444463
x2,311,18.993249453635002
x2,312,-12.995175925027901
x2,313,-3.0900213043313975
x2,314,-11.122733739162907
x2,315,-4.731946232414995
x2,316,0.9402044300840036
x2,317,-2.3605085123480762
x2,318,-8.45403559160216
x2,319,18.86460070269381
x2,320,6.580089864404172
x2,321,6.112822560115959
x2,322,2.510909827976543
x2,323,11.213096602638911
x2,324,-1.1072860053529663
x2,325,6.0927673073516235
x2,326,8.23338651547713
x2,327,2.475147838884256
x2,328,9.400862083948887
x2,329,8.770320223348044
x2,330,-12.097096562264245
x2,331,-0.70020827645331
x2,332,-13.301100550769025
x2,333,6.742567250852398
x2,334,3.3932471187420283
x2,335,-4.404151300658512
x2,336,-11.601684663740915
x2,337,3.9761325248098567
x2,338,0.6667010670774189
x2,339,-12.280282582557458
x2,340,-2.5207541809258327
x2,341,-3.6987709970891043
x2,342,8.510003412804092
x2,343,6.579459747178497
x2,344,-4.246065899731679
x2,345,-0.8478321025756106
x2,346,-11.609434427314124
x2,347,-5.89057565663896
x2,348,-8.192973230471326
x2,349,2.8567267207291334
x2,350,5.856623502263661
x2,351,12.548374456353436
x2,352,6.929858449411704
x2,353,-1.776286650538573
x2,354,-1.3596295786099155
x2,355,-4.263548434113313
x2,356,0.16673609806200673
x2,357,10.008747035668902
x2,358,-0.8851717771266259
x2,359,-0.03734415379760492
x2,360,-4.4016641726908805
x2,361,-0.017909587056525567
x2,362,9.496338167465023
x2,363,2.9546134439760845
x2,364,-3.3091182881751786
x2,365,5.745062153705003
x2,366,-13.45079910859561
x2,367,0.9509203568432856
x2,368,-0.615692237358342
x2,369,0.19410448711792583
x2,370,3.6808169793150967
x2,371,2.8746238504135864
x2,372,1.6073765507057622
x2,373,-9.063556613718799
x2,374,1.3727372728510367
x2,375,5.200058479210515
x2,376,-5.0164913818854275
x2,377,5.627670834442451
x2,378,1.3781044587088793
x2,379,7.236893235228358
x2,380,11.303246670613778
x2,381,2.132010519652006
x2,382,-4.0154468610571055
x2,383,-0.18953715163136842
x2,384,-1.181370320633155
x2,385,-4.3415607249439585
x2,386,-1.182561911389115
x2,387,19.47133870792036
x2,388,-1.1088393300269956
x2,389,-1.8514653331360051
x2,390,-1.884894959577327
x2,391,-0.6685778660014581
x2,392,4.381688844181893
x2,393,-5.499233275623359
x2,394,12.228409417442492
x2,395,-3.8634033434365946
x2,396,9.368132607646007
x2,397,8.653733186217327
x2,398,-4.5676347242239
x2,399,-6.500199068954766
x2,400,12.178465696195591
x2,401,7.695934097395941
x2,402,-6.276921801387602
x2,403,4.053065947438222
x2,404,2.804777790778486
x2,405,-15.37395749964766
x2,406,0.36229924112837786
x2,407,3.8314469641980757
x2,408,4.727257423711925
x2,409,-1.6501836896685127
x2,410,-11.43249630221685
x2,411,14.617385739863808
x2,412,1.8089571882842908
x2,413,-0.6625828189846228
x2,414,-7.833337115560152
x2,415,9.4176412904933
x2,416,-1.707036936757314
x2,417,8.265681735105154
x2,418,-6.993401198882067
x2,419,-1.4668997100078203
x2,420,1.8811491507923925
x2,421,11.731409871149072
x2,422,8.050054152428356
x2,423,-6.599158313858176
x2,424,6.762203178144149
x2,425,-5.652895266040524
x2,426,-6.908550014330919
x2,427,6.263705891966506
x2,428,-9.188626257185891
x2,429,-2.662017553352454
x2,430,1.9613818086892998
x2,431,7.388618887683505
x2,432,-0.36259838308116343
x2,433,5.836234143312771
x2,434,5.651657447581235
x2,435,2.382598626495083
x2,436,-4.196725123136703
x2,437,-10.72511039485259
x2,438,3.7554847199089885
x2,439,0.6810522942505468
x2,440,7.438638764384816
x2,441,1.41440470128944
x2,442,4.008260662550327
x2,443,-7.442580157265066
x2,444,12.971801550025042
x2,445,7.420539136187681
x2,446,2.654219114566084
x2,447,2.517913361094406
x2,448,-3.061301374474316
x2,449,-7.446000950082567
x2,450,-10.46165247131447
x2,451,2.3542610689812467
x2,452,3.800176568780575
x2,453,-1.8536682990763929
x2,454,-17.099131237732372
x2,455,-3.0291613453133017
x2,456,-1.2484162712206208
x2,457,5.782585079251662
x2,458,7.361880237697523
x2,459,-11.208871559125393
x2,460,0.9193175900178652
x2,461,-5.486246097126994
x2,462,1.399812278157306
x2,463,-6.930453859165345
x2,464,0.020978342168136876
x2,465,-2.4352266852514557
x2,466,7.0427453486352665
x2,467,8.892076054608856
x2,468,-6.0868153329886425
x2,469,17.80712470615615
x2,470,-9.864667987859658
x2,471,-0.8871503112222516
x2,472,3.6572116396986605
x2,473,8.870029162301424
x2,474,10.121483935491053
x2,475,-8.957136849890398
x2,476,-4.4962020017686095
x2,477,21.116046258205476
x2,478,13.645787120974582
x2,479,15.176969945346148
x2,480,1.0815579151355905
x2,481,-2.173567786912665
x2,482,6.620600750809269
x2,483,-14.27190421703774
x2,484,-9.258390929466946
x2,485,6.879292180826631
x2,486,1.523916278808466
x2,487,0.5511508097162761
x2,488,-0.493599667822437
x2,489,-0.48676757085132216
x2,490,8.211914492132676
x2,491,7.59475360528995
x2,492,-0.07848382000838416
x2,493,-7.266466846286347
x2,494,-13.391972948756472
x2,495,0.5934211021114386
x2,496,-0.3563475270942824
x2,497,-2.652183292559867
x2,498,21.754911459453528
x2,499,10.470514044575282
x2,500,-5.904607670319399
x2,501,3.3741954711882682
x2,502,-0.06871572942260862
x2,503,-3.4105393520103906
x2,504,-0.32604492245533834
x2,505,0.3973493346097712
x2,506,-14.75532545064118
x2,507,3.6989209680511017
x2,508,-5.867511920006193
x2,509,-4.202576435385837
x2,510,0.7553212398498292
x2,511,-5.398795161052975
x2,512,-9.586550283334628
x2,513,-2.792160793707504
x2,514,7.7802203503975615
x2,515,1.3317984481467704
x2,516,-4.93505395572571
x2,517,-2.261817772210817
x2,518,0.6667719272760699
x2,519,9.105704381189907
x2,520,-11.4601017691793
x2,521,4.834033607861316
x2,522,5.3473317586507525
x2,523,20.96782224385533
x2,524,-3.011626180133522
x2,525,4.121881940752548
x2,526,-8.83935017756775
x2,527,5.374303151653832
x2,528,1.9849383709251658
x2,529,5.865761520463216
x2,530,6.850149842515603
x2,531,10.743142237669801
x2,532,-7.653440501667751
x2,533,6.996508615868694
x2,534,-4.290091627143308
x2,535,-10.752951261199811
x2,536,8.71904807120066
x2,537,2.150309067177428
x2,538,-6.972023214238153
x2,539,7.101798947511268
x2,540,4.525932408734003
x2,541,-3.353175636697147
x2,542,-4.008026086986938
x2,543,4.7089399186168475
x2,544,-9.952411749166906
x2,545,16.012324976663606
x2,546,-4.922354270643691
x2,547,-0.14421198094537324
x2,548,-4.7892064382973984
x2,549,0.19998066350820842
x2,550,-9.600355941926146
x2,551,-1.2184743038355332
x2,552,-0.9329849575231375
x2,553,2.40501040516285
x2,554,5.896607558409832
x2,555,6.265308421527225
x2,556,-0.06271165038897486
x2,557,-7.711606802091286
x2,558,-14.097491138002137
x2,559,3.5736706515387056
x2,560,-9.484415334976712
x2,561,-3.0511084016586647
x2,562,-3.9493935042156663
x2,563,-7.9309817638275195
x2,564,-4.004080618199449
x2,565,2.773675047936864
x2,566,-5.808323505488173
x2,567,-16.548130708762326
x2,568,-2.2340359494707798
x2,569,7.944711002678062
x2,570,10.650755367516627
x2,571,-11.23669381389354
x2,572,2.620944220958144
x2,573,-5.149497247251395
x2,574,12.507483202727016
x2,575,10.916750996156685
x2,576,-12.217487389491172
x2,577,1.4660274493561118
x2,578,0.8998911367835429
x2,579,12.404058560290185
x2,580,0.6999135495351609
x2,581,10.271285784060133
x2,582,1.3606373669199847
x2,583,-1.5613850732711105
x2,584,-0.4573150632384042
x2,585,-5.114412864442922
x2,586,15.666020543746516
x2,587,-15.839183634311777
x2,588,-3.4793851887548493
x2,589,4.097406738128912
x2,590,-7.2177581297916955
x2,591,-14.753017577727103
x2,592,-5.456913195875275
x2,593,2.653349493990012
x2,594,19.559088202358627
x2,595,4.2983260118467355
x2,596,-8.363289461879388
x2,597,-4.737888522905463
x2,598,1.2649138889770004
x2,599,7.71903573506082
x2,600,8.23021886532562
x2,601,0.26918974583629307
x2,602,0.5821651910620815
x2,603,-1.6479813119929396
x2,604,3.372260683295231
x2,605,9.206574670340604
x2,606,3.5120868711324356
x2,607,-1.1427522131605325
x2,608,7.505835161499444
x2,609,11.099419500702066
x2,610,12.786335696633373
x2,611,-6.271763354354437
x2,612,14.018075270585443
x2,613,-3.565439412891184
x2,614,-2.2114525325956405
x2,615,-11.1135620710584
x2,616,1.71067835449497
x2,617,0.36518316023540365
x2,618,2.376511809072648
x2,619,5.165958178225345
x2,620,3.5007457452031563
x2,621,0.6484002374222708
x2,622,0.8701892145894696
x2,623,-6.8791201162322615
x2,624,1.5312495656900857
x2,625,-8.652963866608586
x2,626,-8.096772238178318
x2,627,-10.918864135232056
x2,628,-7.761821802005153
x2,629,16.273980826007516
x2,630,3.336746560384473
x2,631,-9.066941033666085
x2,632,-13.219762186058325
x2,633,14.0291714945336
x2,634,4.836893125239806
x2,635,9.885039330905785
x2,636,-1.6721213686589387
x2,637,-21.461330314717838
x2,638,-0.20704717426449193
x2,639,-3.0095446464010625
x2,640,-1.5095928360089346
x2,641,6.51295251000912
x2,642,4.317047656784786
x2,643,7.00119591102276
x2,644,-7.540347951695097
x2,645,-5.6394760821296135
x2,646,-1.7092962806088803
x2,647,-1.7042519804189205
x2,648,10.549130804430565
x2,649,-5.989878741910666
x2,650,-8.680344215452488
x2,651,-4.920002451681231
x2,652,4.080513769352962
x2,653,-2.462848682694945
x2,654,11.784428692494302
x2,655,5.093767155780148
x2,656,-0.1931820585846733
x2,657,4.186962033211904
x2,658,5.980211556289024
x2,659,-2.651464165831312
x2,660,9.5447933000331
x2,661,10.201699052574284
x2,662,9.82561036909724
x2,663,6.494031759974482
x2,664,14.735739851510873
x2,665,10.07252994258393
x2,666,-1.641976601498456
x2,667,-7.426272798807781
x2,668,0.7640252056399621
x2,669,12.057269232942947
x2,670,0.24640562880323635
x2,671,0.8704158782128797
x2,672,7.569842503037625
x2,673,0.13873147720103773
x2,674,-1.675477564632608
x2,675,5.965643599250189
x2,676,7.918209559389075
x2,677,3.619097787159916
x2,678,11.125415444617254
x2,679,-3.590885157494524
x2,680,-7.768892630464988
x2,681,-15.987508387823123
x2,682,2.721807179907458
x2,683,-14.43772998204145
x2,684,-9.205901717802181
x2,685,-10.216884455904077
x2,686,-6.402228336857528
x2,687,-17.174296154108283
x2,688,6.297334007674716
x2,689,2.4594048456837285
x2,690,5.979622964414774
x2,691,0.6158659834831024
x2,692,-4.349030801355079
x2,693,-0.9153151049578216
x2,694,14.688464307969019
x2,695,-2.2014303737420295
x2,696,5.259103679358296
x2,697,10.682578429367132
x2,698,7.912481325360606
x2,699,-3.680645786427677
x2,700,7.917513975862525
x2,701,0.19797677325843743
x2,702,-7.410236758289195
x2,703,4.879216600842116
x2,704,13.623726104417273
x2,705,-2.3677923455906686
x2,706,4.329853608993803
x2,707,8.214722017563755
x2,708,7.434403265893531
x2,709,-7.358796448738408
x2,710,-10.141187252030644
x2,711,-3.797963869957952
x2,712,10.186636538144775
x2,713,0.6167244558848726
x2,714,-5.46478140365077
x2,715,-11.172594245618697
x2,716,-11.759722684384489
x2,717,1.0722504023700576
x2,718,0.01413881855616772
x2,719,12.878467472908671
x2,720,0.2789367772493403
x2,721,-9.149065016591841
x2,722,-9.591102664063625
x2,723,-11.212270325101084
x2,724,-11.933655960907407
x2,725,2.8175635608994742
x2,726,-0.1140059661729218
x2,727,-3.6852765558514267
x2,728,1.5718480628412799
x2,729,9.822285150171158
x2,730,-6.463388374875622
x2,731,-2.812899156362695
x2,732,4.015358607788558
x2,733,-5.074639632719994
x2,734,15.727317067046968
x2,735,-3.3038268331531633
x2,736,2.972900834931627
x2,737,9.532953539938477
x2,738,-2.95972882794948
x2,739,0.771454751847271
x2,740,-5.4277527501272775
x2,741,-10.9580291895683
x2,742,2.9378596552982312
x2,743,1.9252004607302524
x2,744,7.446231053286527
x2,745,4.3267102681685
x2,746,1.6989516058764966
x2,747,1.472974203810132
x2,748,-5.91482232345694
x2,749,6.4323955637447785
x2,750,-14.512947311734525
x2,751,1.2268393710358856
x2,752,-13.335428265623841
x2,753,-3.772953597370437
x2,754,8.063601570193143
x2,755,8.103088854809881
x2,756,-6.957883627871913
x2,757,3.0326192323278036
x2,758,4.356103774095988
x2,759,0.7151347251439439
x2,760,-17.589544589042603
x2,761,0.7520783635642783
x2,762,7.813686135062978
x2,763,5.319276562258806
x2,764,5.195387383466429
x2,765,3.938889343869606
x2,766,3.8533381060661984
x2,767,5.683631971903896
x2,768,-6.886497669517354
x2,769,3.3543906313356366
x2,770,-6.035110628603302
x2,771,-5.988994372664475
x2,772,15.75567070384226
x2,773,-5.123273775965966
x2,774,0.09909769983370964
x2,775,3.242778473316812
x2,776,2.4280587228918336
x2,777,-4.747700449701064
x2,778,-6.96600952199569
x2,779,4.8614611107632495
x2,780,-9.239486219322842
x2,781,4.48099991638103
x2,782,-4.511466340273374
x2,783,-1.4187618553923649
x2,784,-7.772333665648917
x2,785,4.184398701317146
x2,786,0.43997899281699127
x2,787,10.084357679732795
x2,788,-2.1341045964139713
x2,789,-4.8786656157536985
x2,790,-0.5102863003010301
x2,791,7.047903496646249
x2,792,-6.818665884100316
x2,793,7.4375347608603235
x2,794,3.6922468312347174
x2,795,-2.453100036325882
x2,796,-10.862815796954425
x2,797,6.313948068518986
x2,798,0.8115230263907076
x2,799,2.942941791794368
x2,800,7.019312572730016
x2,801,-2.055596304553289
x2,802,7.189555363181254
x2,803,-6.321244563413805
x2,804,-8.33229940581229
x2,805,6.4804814115663625
x2,806,15.135957886986375
x2,807,2.009460782724018
x2,808,-9.737908458215722
x2,809,-1.7229315516417394
x2,810,0.9098085014142789
x2,811,4.419246085418431
x2,812,5.678406750496258
x2,813,-6.027625457422934
x2,814,1.1929773767231016
x2,815,-2.0711440944539437
x2,816,2.9031918182647125
x2,817,0.937028902055749
x2,818,0.30787909871046537
x2,819,-17.499113017618843
x2,820,15.099839217035168
x2,821,-3.4272237108233288
x2,822,4.363905158392598
x2,823,-7.498180679496988
x2,824,-15.23099229086251
x2,825,-4.341959275396454
x2,826,14.562491554226495
x2,827,9.338464009325557
x2,828,-15.742759475292807
x2,829,-1.511158819784745
x2,830,4.1061196937985445
x2,831,-1.9577412311685078
x2,832,-7.115058207284385
x2,833,-3.5270444775293424
x2,834,1.496356487461604
x2,835,-11.32713411739305
x2,836,9.024354617415579
x2,837,-12.808700281817385
x2,838,6.765419326026125
x2,839,-3.0265450451474667
x2,840,-12.150439279652527
x2,841,-8.486936951953947
x2,842,5.644337442470816
x2,843,9.71263916656915
x2,844,8.57773057327569
x2,845,0.45070121991261836
x2,846,8.145901993006799
x2,847,-9.626979136902548
x2,848,3.5244135838843853
x2,849,5.627568430458053
x2,850,-11.63313298624145
x2,851,-8.654119043802668
x2,852,-5.875616094000476
x2,853,6.983271280520274
x2,854,-9.643396934784887
x2,855,6.6235300568537046
x2,856,9.318655911369346
x2,857,1.4050509529415045
x2,858,2.226616454505533
x2,859,11.248865277063434
x2,860,-4.50451313887198
x2,861,0.792364162802079
x2,862,3.8167842115321147
x2,863,12.27931430284126
x2,864,-0.21836298258837417
x2,865,10.492216956421657
x2,866,-10.575121868617842
x2,867,10.343282777141436
x2,868,-9.89337371139848
x2,869,7.251749233986061
x2,870,2.0920568913068376
x2,871,-8.112383307776884
x2,872,4.909611800212572
x2,873,4.266901093226
x2,874,-6.670963046038164
x2,875,5.371242025909693
x2,876,8.913200652622896
x2,877,6.077605065898155
x2,878,-23.089407405478656
x2,879,-0.34200457496025116
x2,880,13.760987175026832
x2,881,-0.8648322078918937
x2,882,9.29500325294952
x2,883,-7.827020019764634
x2,884,1.9347029484902993
x2,885,9.779268385725736
x2,886,-3.289867825535895
x2,887,-0.605509640165554
x2,888,-10.745661704006093
x2,889,5.933017710896689
x2,890,2.1409694976428035
x2,891,-17.219469632941795
x2,892,1.67899861666033
x2,893,-3.3266623766725107
x2,894,10.432915188998194
x2,895,3.050849051816579
x2,896,-3.3307914549613766
x2,897,-6.064494425998898
x2,898,1.07786556043426
x2,899,6.051376781883603
x2,900,3.6316144600385956
x2,901,-12.350195281704725
x2,902,1.388746792299493
x2,903,-11.36421850550171
x2,904,-4.885656191728627
x2,905,-4.017128523563068
x2,906,3.176239642300553
x2,907,-3.5802351722989414
x2,908,9.258900773758793
x2,909,5.895842507222152
x2,910,-0.755037128434159
x2,911,-5.620450191037033
x2,912,5.334888641771471
x2,913,-0.8253397596162664
x2,914,2.9888018991581404
x2,915,-13.036921809513153
x2,916,0.11574864069825352
x2,917,0.5571759236078329
x2,918,-4.969702568444308
x2,919,-12.335582618509738
x2,920,-10.16194048579192
x2,921,-8.510974627771496
x2,922,1.4352234435531752
x2,923,1.496884515987528
x2,924,5.5248698068731485
x2,925,14.727869527578314
x2,926,-17.710327631922343
x2,927,2.0756038958352843
x2,928,2.5254419305676983
x2,929,-1.4426831540931442
x2,930,-9.817003002135854
x2,931,-0.49658359952438147
x2,932,-8.174682006291018
x2,933,-13.326497047815584
x2,934,-6.150640703562573
x2,935,-12.222386481533857
x2,936,7.446821180649541
x2,937,-5.818401477072934
x2,938,-3.511000444681045
x2,939,2.794756404278406
x2,940,-4.168544745412882
x2,941,12.03003536569611
x2,942,-5.775566088360165
x2,943,10.287115662223595
x2,944,-3.912804897510796
x2,945,-4.006698202041399
x2,946,-5.071876846797404
x2,947,-12.109547083285076
x2,948,-5.466517135402276
x2,949,-7.928696979443298
x2,950,-8.806349790372554
x2,951,-11.09046421811933
x2,952,-2.778129622218459
x2,953,0.9336451944397242
x2,954,9.23114870657066
x2,955,8.147088574286055
x2,956,-5.802132455713096
x2,957,-8.029067419419295
x2,958,-4.223678813786893
x2,959,-3.9227493630345425
x2,960,-5.275153069632205
x2,961,13.44759822513414
x2,962,-8.422468348887364
x2,963,-14.407905485698723
x2,964,-1.9622652442412996
x2,965,-1.666236239798172
x2,966,-8.141786864857874
x2,967,6.081708220077221
x2,968,1.7894916674214212
x2,969,11.433785671586106
x2,970,15.30617983886452
x2,971,15.703848036621377
x2,972,-8.261888024353963
x2,973,-9.337100323606855
x2,974,1.0419561289790664
x2,975,2.5617878290893286
x2,976,-3.4793115001391652
x2,977,1.8458349797886147
x2,978,7.514935103252626
x2,979,8.534542631800491
x2,980,-2.744922341397432
x2,981,1.0241258955275239
x2,982,2.9336109883814476
x2,983,1.042149264214661
x2,984,-5.678211612872473
x2,985,3.933162759182359
x2,986,-6.785315946918059
x2,987,9.89250728919533
x2,988,-0.9361108491043808
x2,989,-3.7702318707591136
x2,990,8.768047733462762
x2,991,11.947243411028008
x2,992,2.107077095648661
x2,993,-1.961021628380319
x2,994,-7.532857001377966
x2,995,-7.224927618923672
x2,996,-0.5977386747702642
x2,997,18.83925418692908
x2,998,-2.5657192694267437
x2,999,-1.8493835314857083
x3,0,17.75547551937698
x3,1,-0.1148331780897891
x3,2,-0.5294740067957804
x3,3,-0.23408699825159474
x3,4,-1.6169233832036554
x3,5,-1.0925300881619595
x3,6,1.2752421548081188
x3,7,-0.28239099089848985
x3,8,0.24888469303291316
x3,9,2.596941296926488
x3,10,-2.696800617207437
x3,11,1.6590377300907253
x3,12,3.2120764095769516
x3,13,-0.2776593090993984
x3,14,3.1682234689349045
x3,15,0.20885018028180724
x3,16,1.6387319240047304
x3,17,0.23739165652240501
x3,18,1.1177024298582943
x3,19,-2.17976947848193
x3,20,0.8162142282757108
x3,21,1.3984399925974387
x3,22,0.5504547186434863
x3,23,0.13956032454512268
x3,24,1.125897524656061
x3,25,-2.9998075679016
x3,26,1.0800354169771893
x3,27,-0.46838831430387273
x3,28,-1.0119482470893644
x3,29,0.5940081915663491
x3,30,-2.4822595257273363
x3,31,1.223231391992035
x3,32,2.5820960941412068
x3,33,1.535548611280305
x3,34,0.5830252382520769
x3,35,0.943670150245322
x3,36,4.293411014959443
x3,37,-2.2169438204891687
x3,38,-2.288670961445126
x3,39,-2.5340043977848694
x3,40,0.2022961121213669
x3,41,-0.18378179946247286
x3,42,1.019676612096493
x3,43,0.6475185811479847
x3,44,2.1466800260678696
x3,45,-2.8873457610622992
x3,46,-0.8435120364770157
x3,47,-0.531172057848309
x3,48,-2.5822243038134154
x3,49,-1.399387541087183
x3,50,-0.2801161623481292
x3,51,-0.5058263714862921
x3,52,0.9068125350397835
x3,53,-3.8632270079063105
x3,54,3.0595440896177735
x3,55,1.3170204392586875
x3,56,2.1511183918787644
x3,57,1.7358960581646166
x3,58,0.6305299018412036
x3,59,-0.2124010817234252
x3,60,2.5651226107326686
x3,61,1.8785253055360536
x3,62,0.6513282580678847
x3,63,-0.18023364143099485
x3,64,-0.7072491721110516
x3,65,-2.2301068893840092
x3,66,-1.9140046622461924
x3,67,-1.1641847791099593
x3,68,3.042115368321113
x3,69,-0.6482893287390148
x3,70,-5.203770477231998
x3,71,-1.1573289976536039
x3,72,1.0938142716335797
x3,73,0.09853943179494706
x3,74,2.5222349884452857
x3,75,0.836257984334452
x3,76,-1.0754030010215097
x3,77,1.7430190142013657
x3,78,1.472314707121818
x3,79,-2.2898803157555108
x3,80,0.9059873833834295
x3,81,3.94828511747247
x3,82,2.8706459085095517
x3,83,0.03249154087070849
x3,84,-0.8615667717258617
x3,85,0.8675673226787239
x3,86,0.33604823545225315
x3,87,2.5780444048162003
x3,88,-2.955020017201548
x3,89,2.9820429206706507
x3,90,3.0834809177060016
x3,91,-0.25298996756507464
x3,92,-1.1279890132643136
x3,93,-0.7715261167522627
x3,94,-0.1602805773861825
x3,95,-0.9125340194744496
x3,96,1.2370487899879201
x3,97,-2.3146048808617135
x3,98,-2.066715096651368
x3,99,-1.2245906170214909
x3,100,0.7917718088471002
x3,101,-1.1442788572348626
x3,102,-1.6849465537328783
x3,103,-0.18347785211504153
x3,104,-3.841816696795078
x3,105,-0.6236135357587926
x3,106,-1.370890202631422
x3,107,-0.6901911053086431
x3,108,3.5940945244768727
x3,109,-0.7358522097845412
x3,110,1.0263433011216136
x3,111,0.16534335907625675
x3,112,0.5871728645331018
x3,113,-0.8310889059035169
x3,114,-0.6133678068872239
x3,115,-0.2943794109518052
x3,116,-1.2140677166517442
x3,117,0.4384539501259468
x3,118,3.401174609285021
x3,119,1.102985359696084
x3,120,-1.4211709708496372
x3,121,0.8937660507131255
x3,122,0.2086169270626499
x3,123,0.17582127405981218
x3,124,0.937682481839957
x3,125,2.65467055105276
x3,126,-0.7540327163576706
x3,127,-0.9071132271535269
x3,128,0.21199137547566238
x3,129,-0.015690056783713047
x3,130,0.13860127099015074
x3,131,2.5367548144858496
x3,132,1.7915599395772794
x3,133,0.19540158295770027
x3,134,0.7094973162797018
x3,135,0.4775910427609418
x3,136,2.1711562019426296
x3,137,0.3434595318057845
x3,138,-1.5789487324403026
x3,139,1.0858016835612965
x3,140,-0.532307357429719
x3,141,1.0632433967235073
x3,142,2.2211143484034626
x3,143,0.7434557376462223
x3,144,0.5503819397265275
x3,145,-3.4757049469493957
x3,146,-1.469761071641976
x3,147,-1.7097633559106988
x3,148,-1.666682317092537
x3,149,1.9971346613498557
x3,150,-3.9550823357557796
x3,151,1.6183856892764155
x3,152,0.3876164107104261
x3,153,-4.2966538060090045
x3,154,-2.052291887303136
x3,155,1.4161458378311025
x3,156,-0.6893027567044605
x3,157,-0.23368176576380506
x3,158,-0.605148364070665
x3,159,-2.919808263457419
x3,160,-1.4712123424469965
x3,161,0.137443847717293
x3,162,-0.8541752752300233
x3,163,2.1609076338388262
x3,164,1.241432826658425
x3,165,-0.5720010813623926
x3,166,1.8057466899849395
x3,167,1.394480346758705
x3,168,-1.138715647025336
x3,169,-0.2576301011545894
x3,170,-2.2034237563625325
x3,171,1.490205742612872
x3,172,1.933588773516524
x3,173,1.9784122496059382
x3,174,0.494499432566073
x3,175,-0.6008242076464176
x3,176,-1.8181104582713594
x3,177,0.24591640496150902
x3,178,-3.2116527972495645
x3,179,0.25569664247921153
x3,180,2.2907532665956687
x3,181,2.860477952726883
x3,182,2.7934668310670254
x3,183,1.6131569438441105
x3,184,1.6488903716132626
x3,185,0.44858549508565915
x3,186,-2.7821120695898713
x3,187,1.4469003867289345
x3,188,-0.0037540126197370682
x3,189,1.996827277699353
x3,190,2.694114860799546
x3,191,0.44336968827746404
x3,192,-3.1966025704573156
x3,193,1.0411922797910549
x3,194,4.062448069112628
x3,195,-1.6620821520742464
x3,196,-1.9690121035697103
x3,197,-0.7616858955679504
x3,198,3.181393690904329
x3,199,-2.320349252763645
x3,200,-0.8514512776332825
x3,201,-0.007170073066730787
x3,202,-0.3240740164821645
x3,203,-0.962133083088653
x3,204,2.1019324668647705
x3,205,-0.15545340973098654
x3,206,-0.45992090274856423
x3,207,-0.7238565190501589
x3,208,0.19863416820542312
x3,209,-0.6182635487061781
x3,210,-1.836796768007849
x3,211,2.1290929833403904
x3,212,-0.597711837499368
x3,213,-3.1619040961685982
x3,214,0.12978070558711052
x3,215,0.4035681269403426
x3,216,-2.552115334043032
x3,217,0.22553255634448988
x3,218,0.30181573139147133
x3,219,-0.5806504150058132
x3,220,-2.2401357441415666
x3,221,-1.3370284578984766
x3,222,0.8594400889795786
x3,223,2.5021272195252635
x3,224,-3.4136171382626994
x3,225,3.068580407686621
x3,226,-0.5763265979729812
x3,227,-2.006559422473723
x3,228,-1.7775785847334014
x3,229,-1.4195668188578328
x3,230,-2.3229639624045006
x3,231,0.17320563476066564
x3,232,2.5434874925450996
x3,233,-1.6764022788178679
x3,234,-1.1311974894080699
x3,235,-1.580223865617569
x3,236,2.3876021867105983
x3,237,-1.025036969748486
x3,238,-1.9931655231295835
x3,239,-2.4611583721863823
x3,240,1.2929447268373906
x3,241,1.7088108733070513
x3,242,-0.4227020311591012
x3,243,2.223292170108607
x3,244,1.4572372489875534
x3,245,0.42566266790728235
x3,246,1.4140101927676838
x3,247,-2.0461810481725635
x3,248,0.10189304602985061
x3,249,0.38631835370065204
x3,250,2.03190135980544
x3,251,3.855662027379154
x3,252,-2.5235568594070585
x3,253,1.9694420040018663
x3,254,-0.3800628575572098
x3,255,0.06357630976075512
x3,256,-2.495043831096794
x3,257,0.7133910605137359
x3,258,-0.8791453732584369
x3,259,-2.530202082043619
x3,260,1.3065239332706007
x3,261,0.4967691334700035
x3,262,-2.641425346559714
x3,263,1.950360060691601
x3,264,-3.010651514938136
x3,265,2.8375267868259684
x3,266,-0.37078432591644006
x3,267,0.2281144010449907
x3,268,2.4187780895725695
x3,269,1.6692502160343352
x3,270,-2.0403730220380183
x3,271,1.0531308830700326
x3,272,-1.6228534731134232
x3,273,1.6240147600598283
x3,274,2.139917669318905
x3,275,1.9908806629756177
x3,276,-0.37117167454119127
x3,277,-0.0782859284541253
x3,278,3.065392890318746
x3,279,3.0999495721531503
x3,280,-1.3160671245127737
x3,281,0.31478929362858565
x3,282,2.8508137395584487
x3,283,-0.3109921890824019
x3,284,2.5263901033012885
x3,285,-1.412590063069871
x3,286,-1.4913541144064766
x3,287,4.342475655271876
x3,288,2.508899668967402
x3,289,-1.182481120005619
x3,290,0.4684647259679302
x3,291,0.04358391210354107
x3,292,0.5548501686018987
x3,293,0.0065544578425758004
x3,294,-1.97183847733396
x3,295,1.8599182271274266
x3,296,1.4465821885837897
x3,297,-0.45980993642687906
x3,298,-2.7676371376515227
x3,299,2.4565549380101857
x3,300,-0.5732976105472787
x3,301,-0.11853695873110581
x3,302,-0.7085210738962608
x3,303,0.7020384773069424
x3,304,-0.7915152170357516
x3,305,-2.086755358805503
x3,306,-1.6956487342555917
x3,307,2.8892363761014224
x3,308,1.997539419097194
x3,309,-1.2474595072687293
x3,310,0.12524772785821303
x3,311,2.6907536693961873
x3,312,1.3720188348625584
x3,313,-2.174399182537364
x3,314,4.318957943724655
x3,315,-0.7255421251015939
x3,316,1.9585399451906298
x3,317,3.942769740954316
x3,318,-0.3443265849245627
x3,319,1.372310442287592
x3,320,-0.9998050181014904
x3,321,-0.07904654203624695
x3,322,1.4121395972750932
x3,323,-1.2542007545318796
x3,324,-3.416115309319327
x3,325,1.0559498432117067
x3,326,2.1370168783258094
x3,327,1.0085520622793283
x3,328,0.5431115301569811
x3,329,0.2743698315703327
x3,330,-1.3306207066761573
x3,331,0.972445848719893
x3,332,-0.2355281730076868
x3,333,3.148683724319696
x3,334,-0.9358599065088207
x3,335,-2.206716128365489
x3,336,2.0128343587692967
x3,337,-0.8648063758773219
x3,338,-1.4540238877905196
x3,339,-1.5573119374868725
x3,340,-0.4793207841770837
x3,341,-2.127923073918069
x3,342,-1.7869163048627819
x3,343,-0.6193412172761654
x3,344,-0.5672087159958323
x3,345,-3.3324328018027973
x3,346,0.16651576151831549
x3,347,1.7204934021285965
x3,348,1.753602601389666
x3,349,0.3668513753186442
x3,350,-0.11485502527653146
x3,351,0.5959211727564053
x3,352,-1.5624385164170498
x3,353,-4.244374031123418
x3,354,1.442305230023564
x3,355,4.890149876495066
x3,356,-0.24078438947730874
x3,357,2.387329065737159
x3,358,-0.025799005409238518
x3,359,-2.778516576541609
x3,360,1.462531753846033
x3,361,-2.1450396182314577
x3,362,0.7155319209300721
x3,363,3.3568377072723212
x3,364,-1.0818075183467712
x3,365,1.556661585320434
x3,366,-0.07790584957576385
x3,367,-0.023555123531018296
x3,368,1.8025618053430161
x3,369,-0.3294975634745789
x3,370,-1.2932369520166844
x3,371,-2.494956624958391
x3,372,-1.6277702454107636
x3,373,-1.2117390942807802
x3,374,-2.757537689807066
x3,375,-3.0113069570052886
x3,376,0.676354052951929
x3,377,-2.136911955147596
x3,378,-0.20944505326933438
x3,379,0.9549624110102855
x3,380,0.7793257109978171
x3,381,1.4908020426966715
x3,382,0.008740282753315398
x3,383,-0.4965791110922595
x3,384,-1.1931647840559876
x3,385,-2.087375016237303
x3,386,1.1896693159275173
x3,387,0.918632605732526
x3,388,2.3544781060118702
x3,389,-1.496828980707276
x3,390,-0.1327646787909984
x3,391,0.5439327632433404
x3,392,1.588075976573542
x3,393,0.18000274213131284
x3,394,0.39002208537012706
x3,395,-2.3453599922645907
x3,396,-0.20261361090266883
x3,397,1.4350581385698806
x3,398,0.6267063367871266
x3,399,0.5609756022144197
x3,400,-1.1271017571108857
x3,401,-1.4250760126362785
x3,402,-1.3956083349434643
x3,403,-0.362446335638821
x3,404,-0.008018961312146189
x3,405,-1.9482572740099258
x3,406,-2.226730034048572
x3,407,-1.5797837180541965
x3,408,2.273236548687242
x3,409,1.3828976883956763
x3,410,-1.34099656673642
x3,411,-0.8234588029864227
x3,412,0.7992619336286708
x3,413,-2.523873140874457
x3,414,0.7805341669884633
x3,415,1.0572272178421098
x3,416,0.312421945228305
x3,417,1.738398627872094
x3,418,-0.8238799664084304
x3,419,0.8301309037082447
x3,420,0.7415648511894481
x3,421,-2.1799755217645838
x3,422,-0.3893639817179988
x3,423,1.7450536166056612
x3,424,-2.664728665638947
x3,425,-1.540687849382877
x3,426,-0.19370742284959874
x3,427,-0.6322490726468286
x3,428,-2.1169785772645016
x3,429,-1.578963242671513
x3,430,0.036035009568603726
x3,431,2.820371602326494
x3,432,1.2872886001245476
x3,433,-0.9849354556594223
x3,434,-3.1986174732415975
x3,435,1.9982484706013253
x3,436,1.0606431677945967
x3,437,0.18141704739762332
x3,438,0.32110514314963723
x3,439,0.5624498032518446
x3,440,-0.14372552310521058
x3,441,-0.17338138645224532
x3,442,1.1618680518908562
x3,443,2.727781158527516
x3,444,2.1025465639482768
x3,445,0.5204464369958757
x3,446,0.6933797358658396
x3,447,1.4031127447919802
x3,448,-3.45440439729191
x3,449,-1.7754386411246657
x3,450,0.5580005617244694
x3,451,0.5185381373786413
x3,452,-2.0932035663422273
x3,453,1.7325238302920525
x3,454,2.7544259898776673
x3,455,2.9756306646811446
x3,456,3.3909532935254063
x3,457,1.5844028344982988
x3,458,0.4638627069388441
x3,459,1.0601960961993147
x3,460,-0.08965125751234737
x3,461,-1.7990716848641952
x3,462,1.4611817180228357
x3,463,3.842942406621667
x3,464,1.0053167336547801
x3,465,-0.8363589453587608
x3,466,2.3639245246527167
x3,467,-1.6256744322448071
x3,468,0.12969765398073463
x3,469,0.9314898379176313
x3,470,-0.5718911116523486
x3,471,-0.9994829928329962
x3,472,-0.4541142168309804
x3,473,3.9398736147803497
x3,474,0.1340421102508298
x3,475,0.6634295369193808
x3,476,-3.0174211349233104
x3,477,2.1616101066325433
x3,478,-2.9226638864501986
x3,479,-0.2304387228212832
x3,480,-0.07127244644005515
x3,481,4.987929622236749
x3,482,0.8952167542444798
x3,483,-5.280409115954194
x3,484,-0.7955191559636514
x3,485,1.073154590260181
x3,486,-0.37641639470121646
x3,487,0.3510231126697363
x3,488,-1.1412250310616976
x3,489,0.9313190073093693
x3,490,-3.5676081462336455
x3,491,-0.41991406641569995
x3,492,-0.0076057827753110985
x3,493,1.7573091703134196
x3,494,0.8950518380835497
x3,495,2.098891171607246
x3,496,3.68244687247865
x3,497,1.0683650892169823
x3,498,0.15112592935382985
x3,499,-2.864348767807966
x3,500,0.14657467976626748
x3,501,0.08804435299290958
x3,502,3.324296062744935
x3,503,-0.554780597815622
x3,504,-0.6043953594977758
x3,505,-1.4269503710588936
x3,506,0.09955305051993424
x3,507,0.8622055180395254
x3,508,-2.431765787942787
x3,509,-0.42671776606172074
x3,510,-1.5635236853922136
x3,511,1.8551507564275953
x3,512,0.0765812721368988
x3,513,0.33287481823385434
x3,514,0.3724036711896659
x3,515,0.12138862651891458
x3,516,-1.1205858744138606
x3,517,-0.8409892901532103
x3,518,-3.148842718805096
x3,519,-2.478241180714374
x3,520,0.5348424692257722
x3,521,-0.3137978100491523
x3,522,1.1347734072323092
x3,523,-1.818299261268086
x3,524,-1.2386193058253028
x3,525,-0.8046191736569668
x3,526,1.110068302187166
x3,527,-1.6235528077843817
x3,528,-1.0645080171971948
x3,529,-1.1759506857204505
x3,530,-1.563709434063675
x3,531,-2.1966412435243967
x3,532,0.43388057331140084
x3,533,0.744653180483688
x3,534,1.723791978213792
x3,535,2.2007079799606544
x3,536,-1.8032423181509074
x3,537,-1.8122963864359498
x3,538,-2.2067356801193068
x3,539,-0.5999159927224866
x3,540,-2.187912039141213
x3,541,2.9405209910809518
x3,542,0.6749518273753097
x3,543,-3.211094801939705
x3,544,-2.4692604258328394
x3,545,2.160450010755646
x3,546,3.005542454427598
x3,547,2.0328726887264867
x3,548,0.5391658857346151
x3,549,-0.22607439507699922
x3,550,-0.5081088641885465
x3,551,0.19307861281954786
x3,552,-0.4275732404239321
x3,553,-2.9460442647448204
x3,554,-1.2294798587342228
x3,555,2.541957482710899
x3,556,-2.831968514070052
x3,557,1.5972810923504284
x3,558,0.7890448738971045
x3,559,-3.014844856246654
x3,560,-0.6664347331563074
x3,561,5.061289212035069
x3,562,-0.6209999639442358
x3,563,1.3786911237454902
x3,564,-1.2394647114575577
x3,565,0.4087328896765001
x3,566,-0.4539881833316599
x3,567,2.5217033471010435
x3,568,-2.037848914538259
x3,569,0.5377560383351394
x3,570,4.222448124936036
x3,571,-0.7615082483345619
x3,572,-1.1599654217996012
x3,573,0.23148505020049726
x3,574,2.316103722380996
x3,575,1.6648882283363964
x3,576,0.27915451060422214
x3,577,-0.7249824027268161
x3,578,-0.5696311670966665
x3,579,0.4787318571729351
x3,580,3.3992855924244907
x3,581,-0.5831830734369134
x3,582,-0.44781481624040964
x3,583,-3.032954075933665
x3,584,0.7978415741999711
x3,585,-0.5448397626018178
x3,586,-0.5720963383579836
x3,587,0.6596631250626359
x3,588,0.131240976153002
x3,589,0.20694175204668142
x3,590,3.3094276775436384
x3,591,-0.8218420515545191
x3,592,3.2832897483407697
x3,593,-0.6104979540310822
x3,594,0.3329359932280411
x3,595,1.4783057427415542
x3,596,1.9024057487419732
x3,597,-2.125389911948787
x3,598,0.27175049987266675
x3,599,-0.6512817387972447
x3,600,0.4346814532876806
x3,601,-4.384311859897039
x3,602,-1.1945695223055637
x3,603,0.06924705382016327
x3,604,1.1588384236266478
x3,605,0.06980126893424554
x3,606,0.5084354250982379
x3,607,-1.205130275045633
x3,608,2.5810343929027937
x3,609,0.40049882944147086
x3,610,1.3079412599251086
x3,611,-0.4097012368580586
x3,612,1.9255790908835735
x3,613,-0.3570784553229549
x3,614,-3.2305769327315446
x3,615,0.8828570210935567
x3,616,-0.40225333792773643
x3,617,1.1645022368502538
x3,618,1.602150523386042
x3,619,-1.6553311021872474
x3,620,-3.5084011686156593
x3,621,0.8987961381020799
x3,622,-1.1609994778969934
x3,623,1.7289221618492494
x3,624,2.977234767400155
x3,625,1.7665380238413775
x3,626,3.3600421957090756
x3,627,1.661421136302594
x3,628,1.4017849771564248
x3,629,-1.1275846475372688
x3,630,1.7044211964846525
x3,631,2.614101800817508
x3,632,1.8498641208398734
x3,633,-1.8093960493786945
x3,634,0.01816865035263504
x3,635,-4.8720226261343385
x3,636,-4.527581288424786
x3,637,1.923530632613641
x3,638,0.6541360758006505
x3,639,-4.826771037348881
x3,640,0.2911206289975299
x3,641,1.3920518866500622
x3,642,-1.7869607385519473
x3,643,-3.8000977041305504
x3,644,-2.0675011513811583
x3,645,-0.5278858196024245
x3,646,-1.2238855587296769
x3,647,-3.4442667496937602
x3,648,0.45882537028246295
x3,649,-0.2180812644513317
x3,650,0.011344416618957354
x3,651,-0.011449818737737871
x3,652,3.291538698616016
x3,653,0.9496719243742469
x3,654,-1.762670192984018
x3,655,3.848348209108245
x3,656,-0.6255792727704694
x3,657,-1.1596499884578897
x3,658,-0.08531619061327333
x3,659,-0.026236963808665692
x3,660,-1.0452217963109973
x3,661,-1.7205586245926288
x3,662,1.0661224433983492
x3,663,0.011137318638418492
x3,664,1.2662830642017369
x3,665,-2.3876195280799273
x3,666,-2.862441752094586
x3,667,1.432592860342055
x3,668,-0.050177976857220585
x3,669,0.3892914512149659
x3,670,-0.9146591843513079
x3,671,-1.8398477466520937
x3,672,0.3671283152319056
x3,673,0.5083654598790552
x3,674,-2.1844780284668985
x3,675,0.9253954760810927
x3,676,2.769935709734124
x3,677,-2.0318723529971336
x3,678,1.816093212733648
x3,679,-2.902688131438282
x3,680,1.895574048606992
x3,681,-1.3720404163797628
x3,682,3.2889729240993613
x3,683,1.7932241497554067
x3,684,1.3912407269821543
x3,685,2.127056990000682
x3,686,0.8049547532852515
x3,687,-1.299094409706691
x3,688,2.622818223682142
x3,689,-1.8216483497466358
x3,690,1.9014021463565243
x3,691,0.20117591387884204
x3,692,-1.7914555519430309
x3,693,-2.695985722662062
x3,694,0.3948262700942031
x3,695,-0.44782350459253095
x3,696,0.6447555251077546
x3,697,-2.398904990227173
x3,698,1.8152383302306418
x3,699,2.4515253082546877
x3,700,-6.186671449889474
x3,701,-5.374270909535767
x3,702,4.916041980091812
x3,703,-0.1517429705073159
x3,704,0.020030953155888653
x3,705,3.769286200128093
x3,706,3.9747798164416324
x3,707,-0.8440953127368331
x3,708,-1.6468194878516869
x3,709,2.5069081129478192
x3,710,-2.4296914031545214
x3,711,-2.3148404967107936
x3,712,-0.3488550522847831
x3,713,1.0496796358868679
x3,714,1.2749353879147591
x3,715,0.15950572516296546
x3,716,0.08168970850263335
x3,717,2.7246304119878246
x3,718,1.6172039732267294
x3,719,-0.2996419572601816
x3,720,-1.4229067570342835
x3,721,1.205832127182461
x3,722,-0.5025609578596644
x3,723,1.0892568627733903
x3,724,0.4965729336966973
x3,725,-2.0705520784017484
x3,726,-0.4889381095786334
x3,727,-1.5304196634332474
x3,728,-3.9703338857961157
x3,729,-1.2301180137551562
x3,730,-5.026553333835732
x3,731,-2.1137549532133733
x3,732,1.4204016160453419
x3,733,0.16023551028182936
x3,734,-1.7722891726122434
x3,735,1.8527374576758149
x3,736,3.8953232501786133
x3,737,1.649079379028997
x3,738,1.052954905177188
x3,739,1.391931716145038
x3,740,1.7182023308879515
x3,741,0.5951260593093011
x3,742,-2.5113061059749056
x3,743,-1.7927023547953311
x3,744,-0.1635316324133278
x3,745,1.1173140611913759
x3,746,-0.3025524206324377
x3,747,0.6321980108784084
x3,748,0.22896188379583293
x3,749,2.5947243588294455
x3,750,-0.2931674844959673
x3,751,-0.10097265683491763
x3,752,-1.5569895578744273
x3,753,-0.7945409217773349
x3,754,-4.104835861981499
x3,755,-0.48482995898197334
x3,756,1.2774820617489002
x3,757,-2.2915354462271686
x3,758,-0.8590265768882972
x3,759,0.17527268125645357
x3,760,0.9059198391664793
x3,761,1.892372963474898
x3,762,2.77150454027273
x3,763,1.9108769399134147
x3,764,-0.041779547487585056
x3,765,-0.9731160995139874
x3,766,-1.0310731298113325
x3,767,0.989056279094946
x3,768,-4.4248589662418905
x3,769,0.3622702297768604
x3,770,1.7970450569162377
x3,771,-3.465869789925133
x3,772,0.9638673333540737
x3,773,-2.1104311211571245
x3,774,-2.636898286072288
x3,775,-0.7892562873192865
x3,776,-1.6767885345650644
x3,777,1.3204295057033093
x3,778,-0.40998320420044365
x3,779,0.5220919452348163
x3,780,-1.1074835905163267
x3,781,0.5390913237676038
x3,782,3.467499216361272
x3,783,2.153695396286281
x3,784,2.836760343994383
x3,785,0.36501550354971357
x3,786,2.289301234022922
x3,787,-0.9044455376664899
x3,788,-0.7010918514698439
x3,789,0.3577666244738893
x3,790,2.5665571382004515
x3,791,0.37169551202075723
x3,792,2.5105246611151344
x3,793,1.091175807882351
x3,794,0.11984929793037935
x3,795,0.12445034839711511
x3,796,0.49339132292683985
x3,797,0.029733508700173772
x3,798,-1.114546170266216
x3,799,-0.1873862490942102
x3,800,1.1841304622544442
x3,801,-1.626796502418948
x3,802,-1.2041237703050065
x3,803,-0.44910089616583093
x3,804,-1.4181977474426688
x3,805,-2.7132709060710845
x3,806,-1.7458352031159903
x3,807,-1.5643900965591746
x3,808,-1.0375597468954059
x3,809,4.351255834910953
x3,810,-2.7644049506515174
x3,811,-1.1195828278551758
x3,812,-1.833817760876082
x3,813,3.184506343886362
x3,814,-0.8415512422266467
x3,815,-4.83722611382106
x3,816,2.5857084444652614
x3,817,-4.554596158938381
x3,818,-0.921620137734509
x3,819,-0.9816429636118862
x3,820,-1.5295193358953298
x3,821,-3.6748177832349995
x3,822,-3.3423276062583334
x3,823,0.2838999215934912
x3,824,-1.2516545035007418
x3,825,0.35186559219750535
x3,826,0.27362063633813716
x3,827,-2.0626192314294087
x3,828,-1.9403924569466904
x3,829,0.7635517428462677
x3,830,-1.151213549074619
x3,831,-1.7861756119575531
x3,832,2.470801235259671
x3,833,-0.6941105484557042
x3,834,-0.5683535766768557
x3,835,-1.2713926948953045
x3,836,1.7484343296547706
x3,837,3.1281577107500853
x3,838,0.2559915141070306
x3,839,-1.9317205578851677
x3,840,-1.675720136975265
x3,841,2.2018995248734115
x3,842,1.8836819749973586
x3,843,-1.362125840868611
x3,844,-2.9908463321606824
x3,845,-0.9401800383614614
x3,846,1.0403782455719863
x3,847,1.6866791209980434
x3,848,-3.373337460406246
x3,849,-1.7395350996761536
x3,850,2.872692083467321
x3,851,-0.6175330066961067
x3,852,-0.20843587555456367
x3,853,-0.5573431803751205
x3,854,-2.254201446262819
x3,855,-0.90665277804613
x3,856,-0.4665688358702873
x3,857,-1.2956207021267616
x3,858,-0.11512683328195905
x3,859,0.6789110247402231
x3,860,3.5259045967610945
x3,861,-0.674849915184712
x3,862,-0.24041293728583213
x3,863,-1.3981750049699286
x3,864,2.0633344426068163
x3,865,-1.7920468569692432
x3,866,1.9754628235334195
x3,867,-0.3124110891788199
x3,868,3.3262696231671285
x3,869,1.936232585340825
x3,870,0.5361667473604399
x3,871,0.39023762259999284
x3,872,-1.2053302086516062
x3,873,1.261775224512892
x3,874,-0.1464438879539074
x3,875,-0.9592031634581275
x3,876,-0.9033417985341465
x3,877,0.95214079483398
x3,878,-0.33428495306417005
x3,879,1.78604680585609
x3,880,1.8080789281118443
x3,881,-2.317450703019084
x3,882,-0.9265778732040335
x3,883,-2.3729952006000765
x3,884,4.4259944919062235
x3,885,0.7335996529148829
x3,886,0.09364190082560242
x3,887,2.4907260205398174
x3,888,-1.077533352530068
x3,889,-1.3894953451277203
x3,890,-1.647739878169297
x3,891,2.417553917639019
x3,892,-1.507009209349789
x3,893,0.488508097828813
x3,894,0.6334056468702869
x3,895,0.33027951307672865
x3,896,1.5236195066202018
x3,897,-0.6922980631987627
x3,898,-3.3120309761573807
x3,899,-1.4630838242524433
x3,900,-2.030582216344472
x3,901,2.236690161081569
x3,902,-2.3291461738846593
x3,903,1.1123595829590922
x3,904,2.3969749962202975
x3,905,-0.14815243098366437
x3,906,2.030785372697558
x3,907,-0.09041631629861513
x3,908,-3.5852149195713467
x3,909,-2.1987399535092322
x3,910,0.4210050777038603
x3,911,0.9060979036659234
x3,912,-0.38754278850949575
x3,913,-0.5013714089539079
x3,914,-0.29680843991508254
x3,915,-0.6844036261757287
x3,916,1.8080806110044136
x3,917,2.17399871164481
x3,918,-3.563497388725466
x3,919,-3.0799918923210825
x3,920,1.2465725997297508
x3,921,-1.7152242972485112
x3,922,-3.36503415037339
x3,923,0.32862870322760784
x3,924,0.8183911099256065
x3,925,1.6017257689819147
x3,926,-2.3732208563554593
x3,927,3.215770923514631
x3,928,1.7169227303711203
x3,929,-0.18356035672473248
x3,930,0.3016174741640505
x3,931,-1.070274303854461
x3,932,2.9906970705385483
x3,933,0.009004300953820987
x3,934,-1.2202794412888416
x3,935,-2.7146082173953303
x3,936,-1.1828583308396006
x3,937,-1.9654288107535187
x3,938,-0.3828142191786448
x3,939,-0.6865646651639494
x3,940,0.7708832810373494
x3,941,-3.7626132094938445
x3,942,-0.07066126509770143
x3,943,2.0135488625093245
x3,944,3.1093402690859335
x3,945,2.1011911754994372
x3,946,0.07181873437377106
x3,947,-3.9437416904341376
x3,948,-0.83956908147983
x3,949,-0.7608095146357137
x3,950,1.5308025783590011
x3,951,0.15296987647159455
x3,952,-0.6115533156439668
x3,953,-2.385565782858407
x3,954,0.06216729102510676
x3,955,1.6196853021348874
x3,956,-1.012479031293669
x3,957,0.17151231742574424
x3,958,1.9733892708627323
x3,959,-1.6503421371548832
x3,960,-1.5753712877361963
x3,961,-2.3503983455569752
x3,962,-1.8942364648198167
x3,963,-1.7564362985534434
x3,964,-1.6623307235072016
x3,965,-0.8506217489371721
x3,966,3.4738987684744793
x3,967,1.5415279915376203
x3,968,-0.08037347447318588
x3,969,-1.8080261334849563
x3,970,1.6586140644276668
x3,971,-1.4844014336332165
x3,972,0.7770284699751784
x3,973,1.554162259130342
x3,974,1.2181861467277457
x3,975,0.5235074710276812
x3,976,0.5713940933642263
x3,977,1.528593000026099
x3,978,-0.20146846739902635
x3,979,2.1249902570753605
x3,980,-3.3599942316777707
x3,981,2.7483319462617644
x3,982,1.5470281513407187
x3,983,1.2559875230668425
x3,984,-1.1289711408305276
x3,985,-2.009922653258009
x3,986,-1.2021986044248827
x3,987,0.5298239740598305
x3,988,0.5612741566754487
x3,989,0.265848347534003
x3,990,-0.03034308763317206
x3,991,0.9493028690598209
x3,992,0.7782459957886565
x3,993,0.12766344519451422
x3,994,-1.4471076688252102
x3,995,-1.2202473249171888
x3,996,1.636812750909172
x3,997,-2.548834675057421
x3,998,-1.6783576250787178
x3,999,2.613510398102825
dummy1,0,-0.011545172427705808
dummy1,1,-0.018200589337489248
dummy1,2,-0.0026211948570988852
dummy1,3,0.022847442134150242
dummy1,4,-0.005793872830608393
dummy1,5,0.005008096583267729
dummy1,6,-0.015179546831955992
dummy1,7,0.014955864067446534
dummy1,8,-0.00968573955826102
dummy1,9,0.0025723328222682085
dummy1,10,-0.02135449634604214
dummy1,11,-0.014406405592190197
dummy1,12,0.0163352807775361
dummy1,13,-0.01250073153570952
dummy1,14,-0.007223299525520588
dummy1,15,-0.0049627184113987255
dummy1,16,0.01494037502887835
dummy1,17,-0.001138091722644674
dummy1,18,0.0029429243461009946
dummy1,19,0.012163787060718079
dummy1,20,0.0047845939337278764
dummy1,21,0.01183316806046264
dummy1,22,0.00750071980707645
dummy1,23,-0.011236326225615767
dummy1,24,0.01485792529853569
dummy1,25,-0.014373691095400432
dummy1,26,-0.0066007973278701115
dummy1,27,0.0047481321634812446
dummy1,28,0.007113272129629422
dummy1,29,0.00759309054921431
dummy1,30,-5.0929557859902275e-05
dummy1,31,-0.0001961742804894584
dummy1,32,0.014662854882921295
dummy1,33,0.00859675158253026
dummy1,34,-0.01774140695867743
dummy1,35,0.00026109677221342054
dummy1,36,0.005350461164459919
dummy1,37,0.02518031875949589
dummy1,38,-0.012056012093559332
dummy1,39,-0.0277332185233945
dummy1,40,-0.00755995542118626
dummy1,41,-0.006428970701481518
dummy1,42,0.01696262968216189
dummy1,43,-0.007995021814494407
dummy1,44,-0.005539613626238449
dummy1,45,-0.004287151394198219
dummy1,46,0.009674127954884426
dummy1,47,-0.02543138341215112
dummy1,48,-0.017472709095025962
dummy1,49,0.001885392018696308
dummy1,50,0.018587471602373284
dummy1,51,0.0012993241289436241
dummy1,52,0.0003402941791819103
dummy1,53,-0.01477136912616217
dummy1,54,-0.011645969446604454
dummy1,55,-0.012052580783166178
dummy1,56,0.0019336902970508163
dummy1,57,0.001292920710788792
dummy1,58,-0.0015536281594989987
dummy1,59,-0.002400950568727467
dummy1,60,-0.02023110088995228
dummy1,61,-0.013029355725578284
dummy1,62,-0.02491110703375199
dummy1,63,0.008146955614989349
dummy1,64,0.0020957213971657396
dummy1,65,-0.003521851570113199
dummy1,66,0.03192317224405539
dummy1,67,-0.022473700709935596
dummy1,68,-0.00714952425090587
dummy1,69,-0.0022724840412351455
dummy1,70,-0.016882285291750065
dummy1,71,-0.014715771544352663
dummy1,72,-4.191894623772896e-05
dummy1,73,0.006234624613565387
dummy1,74,0.004639641166952924
dummy1,75,-0.008695644981838058
dummy1,76,-0.005861131580378043
dummy1,77,-0.012018653086947495
dummy1,78,0.014024351295542914
dummy1,79,-0.005509702819303186
dummy1,80,-0.0005936582988965711
dummy1,81,-0.00637656520307317
dummy1,82,0.013310468150979915
dummy1,83,0.0005868081385536073
dummy1,84,-0.0004233264282337834
dummy1,85,0.006746400877226222
dummy1,86,-0.007658046919797101
dummy1,87,-0.0017704889655618672
dummy1,88,-0.008221090850955903
dummy1,89,0.0006665114644022196
dummy1,90,0.006418729065195805
dummy1,91,-0.009188151965176417
dummy1,92,0.0029576529846053745
dummy1,93,0.003192687173102726
dummy1,94,0.010429241299220848
dummy1,95,-0.007628996249614772
dummy1,96,0.004537118430198106
dummy1,97,-0.012629265089891817
dummy1,98,0.0016911043493186284
dummy1,99,0.005659360708044403
dummy1,100,0.005441856701768444
dummy1,101,-0.011079639815100961
dummy1,102,-0.0018235357686222642
dummy1,103,-0.0014274999267911426
dummy1,104,0.020571842068711987
dummy1,105,-0.017085129990092263
dummy1,106,-5.1551685003481396e-05
dummy1,107,-0.008536471330018003
dummy1,108,-0.004488056365669735
dummy1,109,0.00022511633860133884
dummy1,110,0.026386768873751798
dummy1,111,-0.0027164129977439444
dummy1,112,-0.00474073353170823
dummy1,113,0.006235206417727568
dummy1,114,0.00950009745712066
dummy1,115,0.0014408829218126584
dummy1,116,0.004509870298697649
dummy1,117,0.020776562304050117
dummy1,118,0.013569194530418827
dummy1,119,0.012667187821122639
dummy1,120,-0.004448244169683591
dummy1,121,-0.003531420292908649
dummy1,122,0.008505412278502433
dummy1,123,-0.00900969544247232
dummy1,124,0.0010923903364912224
dummy1,125,0.012911822246985949
dummy1,126,-0.0020401958652493946
dummy1,127,-0.007004694974654058
dummy1,128,-0.0008027268697845535
dummy1,129,-0.011439825993900143
dummy1,130,0.006289997151831983
dummy1,131,0.01711268343124761
dummy1,132,0.01344203712702452
dummy1,133,-0.0006055779232454483
dummy1,134,0.011035862472362545
dummy1,135,0.030312295783566867
dummy1,136,0.01374973302274185
dummy1,137,0.001212762550025559
dummy1,138,0.003889821572241825
dummy1,139,0.0044554967774175225
dummy1,140,-0.015356370853102597
dummy1,141,0.022755418270939742
dummy1,142,0.00038437617681097436
dummy1,143,0.000763026209540385
dummy1,144,-0.004469873358807774
dummy1,145,-0.008014584272800107
dummy1,146,-0.0053129638391968825
dummy1,147,-0.015133215654365983
dummy1,148,-0.025714346540354427
dummy1,149,0.004692055418303198
dummy1,150,-0.0024341134688192767
dummy1,151,-0.015424791489433431
dummy1,152,-0.01426174282738657
dummy1,153,-0.002754153722058561
dummy1,154,0.004701669603001335
dummy1,155,-0.008564748960218083
dummy1,156,-0.025012744901545148
dummy1,157,-0.004529397937239388
dummy1,158,-0.0038130739696811133
dummy1,159,0.004560438283792934
dummy1,160,0.014505272391652113
dummy1,161,-0.00347360200253366
dummy1,162,0.008974529656946117
dummy1,163,-0.005820218881248035
dummy1,164,-0.016724222985921244
dummy1,165,-0.004997540141695289
dummy1,166,0.013217508426535574
dummy1,167,-0.01238046640187207
dummy1,168,0.0020934593582779826
dummy1,169,0.005131444936058216
dummy1,170,-0.003342183980453939
dummy1,171,0.007373939681350805
dummy1,172,0.009803790283854141
dummy1,173,0.0090419941247184
dummy1,174,0.003850351001188912
dummy1,175,0.01577953514822461
dummy1,176,-0.012946481388510733
dummy1,177,-5.990182035731095e-06
dummy1,178,0.00823169049264294
dummy1,179,0.01956221474042763
dummy1,180,-0.01179428057901788
dummy1,181,0.008109973409933247
dummy1,182,-0.00124496988770062
dummy1,183,0.007156948158224097
dummy1,184,0.002802538919478792
dummy1,185,0.0032533227249196273
dummy1,186,-0.0045660493566463956
dummy1,187,-0.009339431365155804
dummy1,188,-0.019390094721384088
dummy1,189,-0.009821404966430691
dummy1,190,-0.005275918668171009
dummy1,191,-0.008110085105812459
dummy1,192,-0.021190170991069124
dummy1,193,-0.0003342341154208839
dummy1,194,-0.018096005423142714
dummy1,195,-0.016983619825637675
dummy1,196,0.018969230134736392
dummy1,197,-0.0257208836943974
dummy1,198,0.010066464148005494
dummy1,199,-0.015600487458701906
dummy1,200,-0.007492065534307812
dummy1,201,0.007857406527724375
dummy1,202,-0.0028090593207252823
dummy1,203,-0.00568014606201217
dummy1,204,0.013160676318847209
dummy1,205,0.03363392273166976
dummy1,206,-0.018148913708110115
dummy1,207,-0.009824517187517756
dummy1,208,0.011992873197843146
dummy1,209,-0.0008807057868338575
dummy1,210,-0.004271104540485737
dummy1,211,0.0002975116203884909
dummy1,212,0.007467278107387898
dummy1,213,-0.020674697113562956
dummy1,214,-0.0019965815285942767
dummy1,215,0.008326178307456189
dummy1,216,-0.009690079919872474
dummy1,217,-0.007498973595737368
dummy1,218,-0.005318729281405865
dummy1,219,0.0016202653118497778
dummy1,220,0.006383056274358978
dummy1,221,-0.005508433626997489
dummy1,222,0.016923546563688774
dummy1,223,0.008105555127009723
dummy1,224,-0.0035381579464512924
dummy1,225,-0.004935891399433956
dummy1,226,0.008559405971134026
dummy1,227,-0.005778232657654314
dummy1,228,-0.01486264818326788
dummy1,229,-0.021201101032559677
dummy1,230,0.005784249875267378
dummy1,231,-0.015332849185170971
dummy1,232,-0.001586602249080471
dummy1,233,-0.0032302129678281333
dummy1,234,0.004500294649895764
dummy1,235,-0.006913805482971824
dummy1,236,-0.00763308441588606
dummy1,237,0.004376053351274667
dummy1,238,-0.010479256790573377
dummy1,239,-0.017201976578306244
dummy1,240,0.008813806874009344
dummy1,241,0.010828903705416337
dummy1,242,0.0258473381305242
dummy1,243,0.0075346788024788225
dummy1,244,-0.00885078239618764
dummy1,245,-0.005113489216330369
dummy1,246,0.006990777948757909
dummy1,247,-0.0248102253951501
dummy1,248,-0.004296744688886633
dummy1,249,0.0008978089899231989
dummy1,250,-0.015506641314573244
dummy1,251,-0.0176795231356337
dummy1,252,0.004486091153244942
dummy1,253,0.0063619705828692474
dummy1,254,-0.00545958438051386
dummy1,255,-0.004918830862450818
dummy1,256,0.014466368192415757
dummy1,257,0.0044704707672948985
dummy1,258,-0.004609842114355445
dummy1,259,-0.0009941423275918737
dummy1,260,-0.011043838008544249
dummy1,261,-0.009135951446673118
dummy1,262,-0.010400426262485496
dummy1,263,-0.0016238368918450874
dummy1,264,0.011231986611065281
dummy1,265,0.0009453391195037852
dummy1,266,-0.0011088600723283548
dummy1,267,-0.003187636962390883
dummy1,268,0.011836324505217988
dummy1,269,0.012557155051659663
dummy1,270,-0.018106081810621788
dummy1,271,0.011859828010532425
dummy1,272,-0.009457041827047874
dummy1,273,-0.017643615132463708
dummy1,274,0.001725555228325959
dummy1,275,-0.01899381065991257
dummy1,276,-0.0017617947414976243
dummy1,277,0.006166298631475442
dummy1,278,-0.0010825087968271419
dummy1,279,-0.00841784246878774
dummy1,280,0.001415049291406234
dummy1,281,0.017338093785525643
dummy1,282,-0.00011685858576893082
dummy1,283,-0.009304398974911976
dummy1,284,-0.004312874530874922
dummy1,285,0.024835984785489984
dummy1,286,-0.003846695755285623
dummy1,287,-0.00499237423912291
dummy1,288,-0.005454430148006395
dummy1,289,-0.007050180505942194
dummy1,290,-0.008040168680775395
dummy1,291,-0.009583891369111086
dummy1,292,0.006593043835689372
dummy1,293,0.006158207167604957
dummy1,294,-0.01333318958607066
dummy1,295,-0.009106093292253092
dummy1,296,0.0061868109938458815
dummy1,297,0.008029436797194478
dummy1,298,0.00400253565042874
dummy1,299,-0.004886107209628676
dummy1,300,-6.213029700119499e-05
dummy1,301,0.02303092272935281
dummy1,302,0.010045010138853172
dummy1,303,-0.008801035541228686
dummy1,304,-0.0026491827595904738
dummy1,305,0.009365890884165395
dummy1,306,0.026799460945376552
dummy1,307,0.00826205710788086
dummy1,308,0.0009751290569077753
dummy1,309,0.009917953522062817
dummy1,310,-0.0068782301384899824
dummy1,311,-0.008598213678771671
dummy1,312,0.008199512605880699
dummy1,313,0.0031659804507846445
dummy1,314,-0.013452579593597136
dummy1,315,0.008132714686851727
dummy1,316,0.00942725110510878
dummy1,317,-0.00010407326055883459
dummy1,318,0.005426295317478846
dummy1,319,0.019525434395539776
dummy1,320,-0.01480151741547786
dummy1,321,0.007160786399261543
dummy1,322,0.007535878529122186
dummy1,323,0.00025578458881270194
dummy1,324,0.009123202079784676
dummy1,325,0.011255882805166095
dummy1,326,0.012432416539148505
dummy1,327,-0.00025020466264891184
dummy1,328,-0.021775286255891757
dummy1,329,-0.012518281137373855
dummy1,330,0.005951839937353043
dummy1,331,0.004932839715529269
dummy1,332,0.004437600296149924
dummy1,333,0.0048469367525143525
dummy1,334,0.002121234535557903
dummy1,335,0.0025131401622715543
dummy1,336,-0.013968662103472695
dummy1,337,-0.012215521033521526
dummy1,338,-0.015862884081826678
dummy1,339,-0.01653276178202745
dummy1,340,0.0006228227102198503
dummy1,341,0.013608934406349249
dummy1,342,-0.012709418492801605
dummy1,343,-0.010311731437073313
dummy1,344,-0.014288732159307926
dummy1,345,0.007295984654636989
dummy1,346,0.002951072989731074
dummy1,347,-0.004732571448254674
dummy1,348,0.011367061450577864
dummy1,349,0.002478615239347448
dummy1,350,0.002642304538433393
dummy1,351,0.022221039779381613
dummy1,352,0.0019429837547981776
dummy1,353,-7.028180824675268e-05
dummy1,354,-0.022496650958745645
dummy1,355,0.003543720076282675
dummy1,356,0.00047258454900855895
dummy1,357,-0.007022600762471853
dummy1,358,-0.01352850594658861
dummy1,359,0.009654491118844533
dummy1,360,-0.0029532618547776224
dummy1,361,0.011025134458648722
dummy1,362,0.0038146069447755337
dummy1,363,-0.0034866077463462375
dummy1,364,0.0019030665650490164
dummy1,365,-0.014235827136375612
dummy1,366,-0.0072445725128531535
dummy1,367,0.008305881554841688
dummy1,368,0.018359576582156478
dummy1,369,-0.01422511497804635
dummy1,370,-0.015310594794261334
dummy1,371,0.002943650339808812
dummy1,372,0.004626446449066179
dummy1,373,-0.016848842891526772
dummy1,374,-0.016845994712099355
dummy1,375,-0.008423826570400195
dummy1,376,-0.009731418881777643
dummy1,377,-0.00665584985093659
dummy1,378,0.00772764795394032
dummy1,379,-0.015976001476822432
dummy1,380,-0.0027914608193081447
dummy1,381,0.007864834188659131
dummy1,382,0.0028811976115230564
dummy1,383,0.02257252400843157
dummy1,384,0.0042124285651663484
dummy1,385,0.0073474180789894206
dummy1,386,-0.003204754014689115
dummy1,387,-0.002382672814222886
dummy1,388,-0.0023988026798349438
dummy1,389,0.009712227324058631
dummy1,390,-0.012829511586851083
dummy1,391,0.012080948392465984
dummy1,392,0.004943421641886658
dummy1,393,0.006855013832772983
dummy1,394,0.016313168938967948
dummy1,395,0.003567175629036967
dummy1,396,-0.022601121670425606
dummy1,397,-0.0075288591436978945
dummy1,398,-0.006744273452825134
dummy1,399,0.004326363715743575
dummy1,400,-0.004498174019445855
dummy1,401,-0.0021454326094705323
dummy1,402,-0.006063023745049634
dummy1,403,-0.0011142103742383114
dummy1,404,-0.023022627632958148
dummy1,405,-0.008126790700401898
dummy1,406,0.019114030940549753
dummy1,407,-0.010921742990102956
dummy1,408,-0.007393111919849815
dummy1,409,-1.2487679303063715e-05
dummy1,410,0.0247109285435263
dummy1,411,-0.012884094463782247
dummy1,412,0.0005186389990399221
dummy1,413,0.0017927294410142736
dummy1,414,0.003916692841691827
dummy1,415,0.004357819532991414
dummy1,416,-0.0008045747912071022
dummy1,417,0.006190827922620379
dummy1,418,-0.015669309206656434
dummy1,419,0.005097651131361403
dummy1,420,0.013411468494599177
dummy1,421,0.0011741411120240741
dummy1,422,0.004560935004615629
dummy1,423,-0.001049715623846481
dummy1,424,0.00863258873819106
dummy1,425,-0.00761955901868383
dummy1,426,-0.005106880001719105
dummy1,427,0.004255629129424676
dummy1,428,0.002738551505373721
dummy1,429,-0.012401581668919803
dummy1,430,-0.002108067863253682
dummy1,431,-0.004411596827413433
dummy1,432,0.004676628994225496
dummy1,433,-0.010668902497336319
dummy1,434,0.002849970000092128
dummy1,435,0.0034472589100076334
dummy1,436,-0.010120154490330435
dummy1,437,-0.016257039738997392
dummy1,438,0.0030959181129279756
dummy1,439,-0.0024381219495168693
dummy1,440,0.004744453309648122
dummy1,441,0.006559186668130934
dummy1,442,0.004943972962870191
dummy1,443,0.01895283467822395
dummy1,444,-0.009043335717546341
dummy1,445,0.020993446709617558
dummy1,446,0.010148537541915914
dummy1,447,0.004829902917496298
dummy1,448,0.0006742140543520847
dummy1,449,-0.000979657425105529
dummy1,450,0.013818132752366097
dummy1,451,0.00878736112225198
dummy1,452,0.0013581827920745582
dummy1,453,-0.0005134444622107992
dummy1,454,0.0013603665820234312
dummy1,455,0.006423912663027664
dummy1,456,0.014568360658010704
dummy1,457,0.01034271198880532
dummy1,458,0.01864698737212178
dummy1,459,-0.00012053056069127877
dummy1,460,0.002248750922092313
dummy1,461,-0.0032488306836526704
dummy1,462,-0.005161354613314018
dummy1,463,-0.001163793079335118
dummy1,464,-0.012890148232784782
dummy1,465,-0.01703674648710063
dummy1,466,-0.009253215040107676
dummy1,467,-0.0160522860772776
dummy1,468,0.00790593090804137
dummy1,469,-0.0033046794180719985
dummy1,470,-0.01433951632244046
dummy1,471,0.0019104782400063414
dummy1,472,-0.013506493515230034
dummy1,473,-0.010287274227895438
dummy1,474,-0.012310080727976569
dummy1,475,0.008322088857051213
dummy1,476,-0.020831235185095665
dummy1,477,-0.006353202597729535
dummy1,478,-0.01039666115898008
dummy1,479,0.010564602785307686
dummy1,480,0.0013088812969646035
dummy1,481,-0.00999534362083665
dummy1,482,-0.015463012076480709
dummy1,483,-0.0014313121348976665
dummy1,484,0.007050836813991879
dummy1,485,0.01659395672778885
dummy1,486,0.011608432771961219
dummy1,487,-0.0002231868570028439
dummy1,488,0.010593263116157159
dummy1,489,-0.0018929994608711809
dummy1,490,0.0037558748163277755
dummy1,491,0.021994852784359864
dummy1,492,0.000833812819834634
dummy1,493,0.0037090970968733927
dummy1,494,0.007214084795904796
dummy1,495,-0.006035043266450657
dummy1,496,0.0030027404397330315
dummy1,497,-0.00022704391927419465
dummy1,498,-0.013555396513595497
dummy1,499,0.002890029468730404
dummy1,500,-0.006103874799123332
dummy1,501,0.00515941008391807
dummy1,502,0.000856195969227258
dummy1,503,-0.006162712623073219
dummy1,504,0.001379090568425223
dummy1,505,-0.0037981486887375127
dummy1,506,-0.006667286172287845
dummy1,507,-0.010584124286452834
dummy1,508,0.005197746683514026
dummy1,509,-0.0008616124984079931
dummy1,510,-0.008678880184490367
dummy1,511,-0.0019714210515253683
dummy1,512,-0.0021162768658378184
dummy1,513,0.0025190645199160144
dummy1,514,-0.01556375307883684
dummy1,515,0.008958701928719615
dummy1,516,-0.0017718119783936004
dummy1,517,0.019600607931934633
dummy1,518,0.009022473571910439
dummy1,519,0.0001289274682960695
dummy1,520,-0.005161282106641352
dummy1,521,-0.00031943973572623463
dummy1,522,-0.0035079180186134984
dummy1,523,-0.00025297892733533445
dummy1,524,0.01482962274799604
dummy1,525,-0.013251514391606989
dummy1,526,-0.004043136628684607
dummy1,527,-0.011475860118882686
dummy1,528,-0.010826863392573216
dummy1,529,-0.01057334899310547
dummy1,530,0.0013475203182515827
dummy1,531,0.0050180344942134525
dummy1,532,-0.010139474411122507
dummy1,533,0.01579815097667847
dummy1,534,-0.00037157756143813003
dummy1,535,0.01274715605627108
dummy1,536,0.005541515153677068
dummy1,537,-0.00036271158793255154
dummy1,538,-0.006991315691152522
dummy1,539,0.029144507840534573
dummy1,540,0.013625188355277373
dummy1,541,-0.016146821963534563
dummy1,542,0.010603007325819203
dummy1,543,-0.004119637388107833
dummy1,544,0.029462099467252756
dummy1,545,0.017075805471836958
dummy1,546,-0.014759981163624758
dummy1,547,-0.011145659972136457
dummy1,548,0.009252513165826315
dummy1,549,0.006674356118877789
dummy1,550,-0.006111343374442413
dummy1,551,0.007903032828586731
dummy1,552,-0.015535485781676073
dummy1,553,-0.01053045867547553
dummy1,554,-0.0048172815568321425
dummy1,555,-0.006138631908683578
dummy1,556,-0.002052996427863718
dummy1,557,-0.021971149734646644
dummy1,558,0.010413810346108221
dummy1,559,0.01061818536671355
dummy1,560,0.021233869805833194
dummy1,561,0.008131692190069373
dummy1,562,0.00488523096657012
dummy1,563,-0.00041473123273050305
dummy1,564,-0.011805763707435801
dummy1,565,0.018363391668193785
dummy1,566,0.00358006940383504
dummy1,567,0.0028570959749742997
dummy1,568,3.915873541870951e-05
dummy1,569,-0.013970577157063957
dummy1,570,0.003057485206127808
dummy1,571,-0.007109895122844989
dummy1,572,0.0122612050748927
dummy1,573,0.015023911070315421
dummy1,574,-0.0016975082330219493
dummy1,575,-0.016437902763312806
dummy1,576,-0.008896902650083582
dummy1,577,-0.0014087321920772666
dummy1,578,0.026726410713468596
dummy1,579,0.019836840576889614
dummy1,580,0.0020341240941910144
dummy1,581,0.010690490520001816
dummy1,582,-0.011098119467188639
dummy1,583,-0.017859534400457733
dummy1,584,0.021039006809164817
dummy1,585,-0.01287723793133333
dummy1,586,-0.011374419986997175
dummy1,587,-0.018699324156694175
dummy1,588,-0.01015387372101273
dummy1,589,0.013568272157751693
dummy1,590,0.00320430167968766
dummy1,591,-0.0002591454235627566
dummy1,592,-0.00457337263127755
dummy1,593,8.491516037878455e-05
dummy1,594,-0.008730985002831204
dummy1,595,0.00608851445501557
dummy1,596,0.0014049813247538623
dummy1,597,0.021625468385483515
dummy1,598,-0.026186129978437833
dummy1,599,0.00936711467788598
dummy1,600,-0.0022170721300014407
dummy1,601,0.011710518861686836
dummy1,602,0.003771431154937943
dummy1,603,0.002574318673863374
dummy1,604,-0.005498143832923574
dummy1,605,-0.004596281044107364
dummy1,606,0.01187601038029129
dummy1,607,0.021673220082625733
dummy1,608,0.0021202275266816173
dummy1,609,-0.00492126381557334
dummy1,610,0.0009858377813856123
dummy1,611,0.003850567587434739
dummy1,612,-0.011480104134837354
dummy1,613,-0.01877831890988979
dummy1,614,-0.006213667751559626
dummy1,615,-0.021201443868246628
dummy1,616,0.002496914130631467
dummy1,617,-0.008706351870497286
dummy1,618,0.0267397713242552
dummy1,619,0.006205132720008777
dummy1,620,0.00719133373653591
dummy1,621,-0.0043776772166701505
dummy1,622,0.024875352950042617
dummy1,623,0.0013768463281103038
dummy1,624,0.0021342479441202045
dummy1,625,-0.00812225472688155
dummy1,626,0.001269024810447661
dummy1,627,0.00804087346776683
dummy1,628,0.010859813076137925
dummy1,629,0.015366466834398906
dummy1,630,0.0030395997759207205
dummy1,631,0.005382472947207617
dummy1,632,0.003211043677165293
dummy1,633,-0.009805584845750559
dummy1,634,-0.007913452968814738
dummy1,635,-0.00342913319520477
dummy1,636,-0.007062103846855905
dummy1,637,0.01700649547748867
dummy1,638,0.000558684382404806
dummy1,639,-0.008271950964077845
dummy1,640,0.015464074746102341
dummy1,641,-0.017580246826227608
dummy1,642,-0.01178708816179963
dummy1,643,-0.002213247365833837
dummy1,644,0.01014110877552632
dummy1,645,-0.014072797867058284
dummy1,646,0.005791300522250964
dummy1,647,-0.005912955191544
dummy1,648,-0.0056161406019370474
dummy1,649,0.008889035489431762
dummy1,650,0.01392916934408106
dummy1,651,-0.008413483060927263
dummy1,652,-0.005001905444416366
dummy1,653,0.015173187782067998
dummy1,654,-0.024859054741813935
dummy1,655,0.0025475174819593605
dummy1,656,0.00826090967096249
dummy1,657,-0.006560229930244077
dummy1,658,-0.0019276017007143764
dummy1,659,-0.0016042315926072526
dummy1,660,0.006678159030407471
dummy1,661,-0.006667302415454657
dummy1,662,-0.007929650942379851
dummy1,663,-0.015634572790812484
dummy1,664,0.014531087122207964
dummy1,665,0.01801812345033227
dummy1,666,0.004845545734405654
dummy1,667,-0.009856717311134133
dummy1,668,0.0012447621366931116
dummy1,669,0.0016210412903268079
dummy1,670,-0.006746502140920541
dummy1,671,0.0037764128907085137
dummy1,672,-0.00955190418046925
dummy1,673,0.005232049494548363
dummy1,674,0.005512650353580284
dummy1,675,-0.008761411780529471
dummy1,676,-0.0028147768086483893
dummy1,677,0.002969307678597488
dummy1,678,0.0031901783570873476
dummy1,679,0.022636977180052753
dummy1,680,-0.020912021881937193
dummy1,681,-0.013476120048699691
dummy1,682,0.004276643659110846
dummy1,683,0.0016646129263939713
dummy1,684,0.0008494819778164242
dummy1,685,-0.03544468455420002
dummy1,686,-0.004932889870183033
dummy1,687,0.01108385972256798
dummy1,688,0.002805402357086706
dummy1,689,0.010709282696240052
dummy1,690,-0.0007198815410092152
dummy1,691,0.01427063973763154
dummy1,692,0.0028751676295009077
dummy1,693,0.009987461038248213
dummy1,694,0.01208520945210978
dummy1,695,-0.019267436553668915
dummy1,696,0.018329838298406287
dummy1,697,0.007796564034727282
dummy1,698,0.00639039872125835
dummy1,699,0.0034813866479783684
dummy1,700,-0.000695024331299976
dummy1,701,0.01574027898678665
dummy1,702,-0.00571153213545017
dummy1,703,0.012795715340267577
dummy1,704,0.0013960562333821258
dummy1,705,0.0036800154781193584
dummy1,706,0.016285487184944714
dummy1,707,-0.001724720105698907
dummy1,708,-0.0072048423159500885
dummy1,709,0.01106033949162466
dummy1,710,-0.005896923173640545
dummy1,711,0.00014147782007256637
dummy1,712,-0.006929530163681363
dummy1,713,0.01940238823767615
dummy1,714,0.005547253628193971
dummy1,715,0.015922489727833167
dummy1,716,0.01693396158478322
dummy1,717,-0.007676533782373429
dummy1,718,-0.011309265506071142
dummy1,719,0.004862178391952909
dummy1,720,-0.003097403397887888
dummy1,721,-0.0026972773988767074
dummy1,722,0.000809914779907217
dummy1,723,-0.0015491002047056668
dummy1,724,0.012315306717670893
dummy1,725,-0.0019652292375729186
dummy1,726,0.0037368552732388594
dummy1,727,-0.014187004487418164
dummy1,728,-0.0010707905708216003
dummy1,729,-0.0042029141578581175
dummy1,730,0.01171153930339841
dummy1,731,0.0003680127667067268
dummy1,732,0.005965351198113922
dummy1,733,-0.001029890057687055
dummy1,734,-0.015077915858245916
dummy1,735,-0.011285016280521865
dummy1,736,-0.004885121233883183
dummy1,737,-0.015189845316054829
dummy1,738,-0.000141018216112343
dummy1,739,-0.007272521198547821
dummy1,740,-0.003192985147720151
dummy1,741,-0.011190757826383901
dummy1,742,-0.004961453459537246
dummy1,743,0.004157164577925698
dummy1,744,0.01021479027526695
dummy1,745,-2.9619590229401638e-05
dummy1,746,-0.011837314162423507
dummy1,747,-0.002653524232783866
dummy1,748,0.01836380897388068
dummy1,749,-0.00013827680620437377
dummy1,750,-0.00162727530475415
dummy1,751,0.00958696956229943
dummy1,752,0.0011692684995336933
dummy1,753,0.012163491969673146
dummy1,754,-0.010231877031639414
dummy1,755,0.002949970897522469
dummy1,756,-0.0052151947811296395
dummy1,757,0.009168628358633413
dummy1,758,0.011367561713363727
dummy1,759,0.017684249809697405
dummy1,760,-0.003430282727766354
dummy1,761,-0.006836760418315935
dummy1,762,-0.0023653090493702678
dummy1,763,0.018655746955165142
dummy1,764,0.008104084206461824
dummy1,765,0.008325928916349312
dummy1,766,0.013174879839148446
dummy1,767,0.014157261893167572
dummy1,768,-0.009701926625339752
dummy1,769,0.0015835492440317012
dummy1,770,0.007289024007384626
dummy1,771,0.014655515427023147
dummy1,772,0.0010285112737449253
dummy1,773,-0.006526901153705467
dummy1,774,0.00439080363486255
dummy1,775,0.009690894288233665
dummy1,776,-0.001697156298664737
dummy1,777,-0.005003489405648764
dummy1,778,0.012877962036355939
dummy1,779,0.033510216047364594
dummy1,780,-0.006184365653065349
dummy1,781,0.0069031183494558945
dummy1,782,-0.0074706625421256945
dummy1,783,0.013708941217553061
dummy1,784,-0.010165968288085026
dummy1,785,-0.00875683797548632
dummy1,786,-0.003356761807211228
dummy1,787,-0.0015220950523868737
dummy1,788,-0.00484623365886705
dummy1,789,0.03774363289826255
dummy1,790,-0.0025849601137366562
dummy1,791,-0.012180220271282849
dummy1,792,-0.008373250869908588
dummy1,793,-0.01905410191930912
dummy1,794,-0.010826002758115294
dummy1,795,0.008324127897786582
dummy1,796,0.006089823258697891
dummy1,797,0.022155393083309605
dummy1,798,0.00839220082718839
dummy1,799,-0.0008511169912877037
dummy1,800,0.014546269007862378
dummy1,801,0.010824371963426671
dummy1,802,-0.003777471521996034
dummy1,803,0.00567753472926924
dummy1,804,-0.007951292463040716
dummy1,805,-0.010830516328667272
dummy1,806,-0.005380846739058143
dummy1,807,-0.006347027660198679
dummy1,808,0.006763992703190169
dummy1,809,0.0010981137982080114
dummy1,810,0.004763784353237099
dummy1,811,0.013809058557690435
dummy1,812,0.01501492939450344
dummy1,813,0.002487410492292952
dummy1,814,-0.017915532986350513
dummy1,815,0.023611212170731477
dummy1,816,0.0021651490899827763
dummy1,817,0.013483193488330159
dummy1,818,-0.009671258038011388
dummy1,819,-0.005429841905851163
dummy1,820,0.009881579106632898
dummy1,821,-0.00707273056068658
dummy1,822,-0.01289852643264311
dummy1,823,-0.017592838455030346
dummy1,824,0.011568706280975505
dummy1,825,-0.010477674330097386
dummy1,826,0.009237472744202613
dummy1,827,-0.007716473966659976
dummy1,828,-0.009479439515775567
dummy1,829,-0.015175493535771523
dummy1,830,0.012252766051517483
dummy1,831,0.011918611536430035
dummy1,832,0.0004522219292049101
dummy1,833,0.009829613964562611
dummy1,834,0.0013474861282958273
dummy1,835,0.004753716493802074
dummy1,836,0.011000695369666857
dummy1,837,-0.0009446217095128162
dummy1,838,0.005972786810808373
dummy1,839,-0.0008876541220903533
dummy1,840,0.007632402192996324
dummy1,841,0.0012521042228224033
dummy1,842,0.0015221469154305112
dummy1,843,0.003159387013191406
dummy1,844,-0.001960197085161264
dummy1,845,-0.004090558240289255
dummy1,846,-0.006659385856893962
dummy1,847,-0.010940013704942686
dummy1,848,-0.023055893361444646
dummy1,849,0.0008945943118234823
dummy1,850,-0.0006668933892974849
dummy1,851,-0.012640501642921187
dummy1,852,0.00609299720503742
dummy1,853,-0.001064242873558996
dummy1,854,0.0023350476235108886
dummy1,855,0.012855413693429796
dummy1,856,-0.0013447465633333877
dummy1,857,-0.009157641048417986
dummy1,858,-0.0013156662619522308
dummy1,859,0.0030776670321941424
dummy1,860,-0.004580633019756419
dummy1,861,-0.004848640788512881
dummy1,862,-0.0022245981145054827
dummy1,863,-0.004938873008313749
dummy1,864,0.007194494322614986
dummy1,865,-0.00776370919201641
dummy1,866,0.0041836295900630205
dummy1,867,0.004018551737750897
dummy1,868,0.027103190812709954
dummy1,869,0.0038369407820653123
dummy1,870,-0.012800800349126007
dummy1,871,-0.0027454660376591278
dummy1,872,-0.007713236258859668
dummy1,873,-0.0027937840364131716
dummy1,874,0.004545391656250786
dummy1,875,-0.003799710984999649
dummy1,876,0.015385741513100015
dummy1,877,0.0025095899159275348
dummy1,878,-0.01176807348480935
dummy1,879,-0.00550379235081877
dummy1,880,-0.0031842629243712395
dummy1,881,0.005838056978195283
dummy1,882,-0.014705263626680676
dummy1,883,0.006090032217205277
dummy1,884,0.0036482951412537545
dummy1,885,-0.012100456583432617
dummy1,886,-0.00038943726220708186
dummy1,887,-0.024643360079503296
dummy1,888,-0.0027871896193616408
dummy1,889,-0.00479201159745557
dummy1,890,-0.00663185312583181
dummy1,891,0.008997335960130193
dummy1,892,0.016832681592644505
dummy1,893,-0.000404755884773067
dummy1,894,0.017095965574768
dummy1,895,0.015369771527176113
dummy1,896,0.011958001481204406
dummy1,897,0.0024506290595862623
dummy1,898,0.0008759807233218453
dummy1,899,-0.0007352222365533123
dummy1,900,-0.002445144874187122
dummy1,901,0.00586329105475869
dummy1,902,0.026431909404017517
dummy1,903,-0.006735323841097873
dummy1,904,-0.00028420038166565575
dummy1,905,0.005064429905149215
dummy1,906,-0.009015788873242059
dummy1,907,0.0019018499834970726
dummy1,908,-0.010434436595550878
dummy1,909,-0.00242005403927692
dummy1,910,0.015371582190198296
dummy1,911,-0.0010803427877998928
dummy1,912,-0.008043277226825296
dummy1,913,-0.014324894186756865
dummy1,914,-0.002432192169786518
dummy1,915,0.01460785840878387
dummy1,916,-0.006653288719864037
dummy1,917,0.00528294594909795
dummy1,918,-0.004887712081618645
dummy1,919,-0.004598163037240255
dummy1,920,-0.01997682376914156
dummy1,921,0.017490913290309607
dummy1,922,0.01793316519069954
dummy1,923,0.005337647714231508
dummy1,924,-0.02365268433608847
dummy1,925,0.0001261128401566225
dummy1,926,0.03347854932350103
dummy1,927,-0.01819344656464139
dummy1,928,-0.015286823709608655
dummy1,929,0.0012193754355394049
dummy1,930,-0.011005575226249675
dummy1,931,-0.0130837717638137
dummy1,932,0.010785652586854155
dummy1,933,0.009667604977845912
dummy1,934,-0.010318541587482244
dummy1,935,0.0033211512764736995
dummy1,936,0.018197556436277296
dummy1,937,0.014736227251404443
dummy1,938,0.01570988845628918
dummy1,939,0.002305212383681976
dummy1,940,-0.004243968916803453
dummy1,941,-0.013595973388653704
dummy1,942,0.004732692150057005
dummy1,943,-0.017250148723324088
dummy1,944,-0.007868629953684092
dummy1,945,0.0024780573872718037
dummy1,946,0.009025982624748075
dummy1,947,-0.013323912756852963
dummy1,948,0.020288005067698123
dummy1,949,0.029426973087254282
dummy1,950,-0.015020033187099102
dummy1,951,0.02358650783388505
dummy1,952,-0.008657755949598611
dummy1,953,-0.0064522566445148755
dummy1,954,-0.0033040534033474955
dummy1,955,-0.01920738806089206
dummy1,956,-0.010418191751526251
dummy1,957,-0.015485453929535709
dummy1,958,0.01843465370174613
dummy1,959,0.01162545109171731
dummy1,960,0.0038657487361106746
dummy1,961,-0.012467394958857625
dummy1,962,-0.00757478525449784
dummy1,963,0.005551417792080571
dummy1,964,0.013253766142347523
dummy1,965,0.00814578554031442
dummy1,966,0.0017954270159066255
dummy1,967,0.007510026284638371
dummy1,968,0.0011578754624608223
dummy1,969,-0.017445987498724946
dummy1,970,0.005192659945862488
dummy1,971,0.011291716723881962
dummy1,972,0.025720559762099526
dummy1,973,-0.031591354222445744
dummy1,974,-0.0003610977053298825
dummy1,975,0.0021148800721775274
dummy1,976,-0.012560030480631923
dummy1,977,-0.011697444504306542
dummy1,978,-0.0034452840579577426
dummy1,979,0.004690241436652087
dummy1,980,0.017933524376680055
dummy1,981,-0.004253666024176539
dummy1,982,-0.018175135456666158
dummy1,983,-0.00557210233444394
dummy1,984,-0.00725179053542746
dummy1,985,-0.004261133149498164
dummy1,986,0.0016042377827858445
dummy1,987,-0.00028998325329254726
dummy1,988,0.0045552020980252905
dummy1,989,-0.012470786694638747
dummy1,990,-0.0031557554342587224
dummy1,991,-0.013719013810680636
dummy1,992,0.0023559006790030423
dummy1,993,-0.01412050798797182
dummy1,994,0.005876745223538649
dummy1,995,0.0003970005112137187
dummy1,996,-0.00606745274390974
dummy1,997,-0.0031153659293394753
dummy1,998,0.005996262877184577
dummy1,999,-0.012032378099014807
dummy2,0,-0.0009538406006583955
dummy2,1,-0.005827206322923217
dummy2,2,0.0048109723339067045
dummy2,3,0.02532135419013315
dummy2,4,-0.02125469938480684
dummy2,5,0.02025055547373711
dummy2,6,-0.01886362566089872
dummy2,7,0.000831238435331727
dummy2,8,-0.015407071787709725
dummy2,9,0.017210080424490126
dummy2,10,-0.006021823833471274
dummy2,11,0.017328686664576765
dummy2,12,-0.011952926447982293
dummy2,13,-0.00576647540781039
dummy2,14,-0.0002463458311439126
dummy2,15,-0.011510670453972693
dummy2,16,0.006834005571289659
dummy2,17,0.004430656378801245
dummy2,18,-0.003063056063055569
dummy2,19,0.0166315218752473
dummy2,20,0.0012336271851651759
dummy2,21,-0.007564179303622964
dummy2,22,0.002390424715336792
dummy2,23,0.009085414523813284
dummy2,24,0.003937108694408664
dummy2,25,0.0022355160115736794
dummy2,26,0.004061536080698147
dummy2,27,-0.024133784240660816
dummy2,28,-0.02208127809763738
dummy2,29,0.016962923175427136
dummy2,30,0.005399011737829085
dummy2,31,0.006715044740921883
dummy2,32,0.02066897764554909
dummy2,33,-0.00807200020822707
dummy2,34,-0.004915576410162714
dummy2,35,0.0218863728711014
dummy2,36,-0.009767388082053685
dummy2,37,-0.016527816158607322
dummy2,38,-0.01536542066005353
dummy2,39,-0.009637034272536482
dummy2,40,0.0198991326415765
dummy2,41,0.005637027160041441
dummy2,42,0.009992631605328484
dummy2,43,0.005184610735391004
dummy2,44,0.03148033716529142
dummy2,45,0.016124078108777695
dummy2,46,-0.024067144687936803
dummy2,47,0.010752625937822557
dummy2,48,-0.013434380441744054
dummy2,49,-0.0050564191158777305
dummy2,50,0.006889381583825127
dummy2,51,-0.009281261373249805
dummy2,52,0.004673424552322558
dummy2,53,-0.005328376937029589
dummy2,54,-0.010374819253577527
dummy2,55,0.008206567679207133
dummy2,56,-0.001574646896280285
dummy2,57,0.0007493680999672847
dummy2,58,0.0012294297228621076
dummy2,59,0.010101680359115406
dummy2,60,-0.01789340032666331
dummy2,61,-0.0018056735990086281
dummy2,62,0.007925329702672457
dummy2,63,0.0009830238237640287
dummy2,64,-0.002763969811866218
dummy2,65,-0.005562768332296741
dummy2,66,-0.009571075057223766
dummy2,67,-0.010205940213808162
dummy2,68,-0.003527487804916518
dummy2,69,0.013214418531607208
dummy2,70,-0.006736566037329084
dummy2,71,-0.01228255528770461
dummy2,72,0.005219560664670553
dummy2,73,0.0034103953542743426
dummy2,74,0.0035676950920482398
dummy2,75,-0.00016135995829102967
dummy2,76,-0.008227310223624329
dummy2,77,-0.0009491655378681685
dummy2,78,-0.005729660838838413
dummy2,79,-0.00023979955054898028
dummy2,80,-0.011561860445414851
dummy2,81,0.017404610007091037
dummy2,82,0.0016993401589751045
dummy2,83,-0.002307060870300859
dummy2,84,-0.010927440307234804
dummy2,85,0.007814291832035636
dummy2,86,0.006351587407749548
dummy2,87,0.004737522707145558
dummy2,88,0.004793345095205126
dummy2,89,0.005929622212839547
dummy2,90,-0.0048324930485419415
dummy2,91,-0.0015962343154036773
dummy2,92,-0.007986325575664921
dummy2,93,-0.007147958448392444
dummy2,94,-0.0004592854988603179
dummy2,95,-0.018005836729450664
dummy2,96,0.006413511713344366
dummy2,97,0.004666276498120681
dummy2,98,-0.004737197252786984
dummy2,99,-0.016970378549267195
dummy2,100,0.015394864896059346
dummy2,101,0.009549822925180251
dummy2,102,0.011602680237974283
dummy2,103,-0.008548015908715456
dummy2,104,0.007699625999251225
dummy2,105,-0.013274075606474867
dummy2,106,-0.005317109294171729
dummy2,107,-0.008148223924997922
dummy2,108,0.019315181464840236
dummy2,109,-0.007801614315809502
dummy2,110,0.013060860925826034
dummy2,111,0.0012997871785600523
dummy2,112,-0.011339169893950896
dummy2,113,-0.026590685581137308
dummy2,114,-0.004015569733070379
dummy2,115,-0.01863075385352886
dummy2,116,-0.0015836925516712341
dummy2,117,0.01403378042985537
dummy2,118,-0.01873196860157833
dummy2,119,-0.015460148223970904
dummy2,120,-0.0021193013143645523
dummy2,121,-0.0005913783929365479
dummy2,122,-0.006430107203300395
dummy2,123,-0.010984790527889032
dummy2,124,0.016645694775490938
dummy2,125,-0.012344704504029913
dummy2,126,-0.002562105379304569
dummy2,127,-0.014834333133272537
dummy2,128,0.008422125749167009
dummy2,129,0.027449412491252545
dummy2,130,-0.0035961348539359506
dummy2,131,-0.006868862106523821
dummy2,132,-0.006919989012608596
dummy2,133,-0.005523337920607219
dummy2,134,0.010784310899666139
dummy2,135,0.0025654647128803276
dummy2,136,-0.005331821599349418
dummy2,137,-0.008168841839712115
dummy2,138,0.0007402606653172938
dummy2,139,-0.009096334706121922
dummy2,140,-0.015744390963265964
dummy2,141,0.005354203901028143
dummy2,142,-0.0026734366898182316
dummy2,143,-0.012874295928497759
dummy2,144,0.004210777552792422
dummy2,145,-0.01015933334788599
dummy2,146,0.020779563758706487
dummy2,147,0.004107985166527328
dummy2,148,-0.012039669828265431
dummy2,149,0.0044721396194731255
dummy2,150,-0.026609576271432678
dummy2,151,-0.02086337462971599
dummy2,152,0.005880543669047
dummy2,153,0.002399817490896794
dummy2,154,-0.002153816848135648
dummy2,155,-0.019689451821994552
dummy2,156,-0.02073720885231012
dummy2,157,0.027061394576236353
dummy2,158,-0.005144289341192376
dummy2,159,-0.004201003628772071
dummy2,160,0.018740307561934344
dummy2,161,-0.0061004799621109385
dummy2,162,0.0010080434525114867
dummy2,163,0.003330058874055908
dummy2,164,0.004159435221955832
dummy2,165,0.019335817359738883
dummy2,166,0.017294754122188394
dummy2,167,-0.028075889499667994
dummy2,168,0.0005099039207578926
dummy2,169,-0.01233563795958914
dummy2,170,-0.0038590267017362123
dummy2,171,0.01614593444790202
dummy2,172,-0.0067781658807444245
dummy2,173,-0.007375058279441404
dummy2,174,-0.008559264656980758
dummy2,175,-0.0020965531118974923
dummy2,176,-0.006679628312304509
dummy2,177,0.001717921212183171
dummy2,178,-0.012454903285877172
dummy2,179,-0.01990456477373881
dummy2,180,0.005530886524574896
dummy2,181,-0.006664817439343551
dummy2,182,-0.007963666820586468
dummy2,183,0.0017488201570419193
dummy2,184,0.010935857266971993
dummy2,185,0.016283610358573952
dummy2,186,-0.0009562589358296236
dummy2,187,0.010982964246821325
dummy2,188,0.009307901688636377
dummy2,189,-0.0060141258290471455
dummy2,190,0.002118415874775792
dummy2,191,0.009532381701937709
dummy2,192,-0.01798738053590654
dummy2,193,-0.00439536460461909
dummy2,194,-0.005892406145627582
dummy2,195,-0.00234419086574178
dummy2,196,-0.007574550250993184
dummy2,197,-0.004102963176864094
dummy2,198,0.006197459197856858
dummy2,199,-0.013292401832185163
dummy2,200,-0.017848824634782545
dummy2,201,-0.008357638246820898
dummy2,202,-0.0036074344778675993
dummy2,203,-0.006234722584956387
dummy2,204,-0.005797060019649081
dummy2,205,0.0069697330039524275
dummy2,206,-0.012666845639557778
dummy2,207,-0.003930908250687537
dummy2,208,0.0061439538260501525
dummy2,209,-0.019601881103643137
dummy2,210,0.0021903633111044485
dummy2,211,-0.02849425911661463
dummy2,212,-0.02104043231547692
dummy2,213,-0.023055929542307396
dummy2,214,0.00038294542593675374
dummy2,215,-0.007781364359672693
dummy2,216,0.004510503416089051
dummy2,217,0.004072375336541256
dummy2,218,0.005138305534202914
dummy2,219,0.004594120714894956
dummy2,220,-0.01602295793794184
dummy2,221,-0.009751526158872537
dummy2,222,-0.004525778471830222
dummy2,223,-0.008649118332606065
dummy2,224,0.001858697751579541
dummy2,225,-0.02051558450555291
dummy2,226,-0.012522836269425852
dummy2,227,0.005769802383877476
dummy2,228,-0.003724376185068934
dummy2,229,-0.006893410154454216
dummy2,230,-0.0013961133403803672
dummy2,231,-0.018618099424813295
dummy2,232,-0.02278290486462531
dummy2,233,0.010646466595597204
dummy2,234,0.010618125035620096
dummy2,235,0.003873979541545225
dummy2,236,0.0032195060609083725
dummy2,237,0.01265503958412495
dummy2,238,0.023527059196585043
dummy2,239,4.5968954939468176e-05
dummy2,240,0.011998313852265241
dummy2,241,-0.00019553885539380644
dummy2,242,0.004292872727198471
dummy2,243,0.0047511643961470895
dummy2,244,0.015927529930204187
dummy2,245,-0.012663570413508296
dummy2,246,0.0035842104192482793
dummy2,247,0.00262754616942118
dummy2,248,0.007818781838821565
dummy2,249,-0.016159712257479697
dummy2,250,0.00882655099934837
dummy2,251,-0.006144615035786671
dummy2,252,-0.007370655100324086
dummy2,253,0.0019827279588433555
dummy2,254,-0.009034367859136694
dummy2,255,-0.0020572760135308954
dummy2,256,-0.006511792140736716
dummy2,257,-0.009723435705225825
dummy2,258,0.010510860969519698
dummy2,259,0.003077912226586932
dummy2,260,0.021764546012661867
dummy2,261,-0.016799708399709345
dummy2,262,0.004387224150388391
dummy2,263,0.0005657048986762447
dummy2,264,0.028802184992059665
dummy2,265,-0.0008702903416661911
dummy2,266,0.013658616639531829
dummy2,267,0.004377099357135705
dummy2,268,-0.0033461021293419435
dummy2,269,-0.0007510452148409286
dummy2,270,0.012780186011724481
dummy2,271,0.003395995206920688
dummy2,272,-0.007356359680059654
dummy2,273,-0.00995935243425805
dummy2,274,-0.006534263708495303
dummy2,275,-0.008974057884742592
dummy2,276,-0.004256722821553538
dummy2,277,-0.0062337189732133425
dummy2,278,-0.007407058051441595
dummy2,279,-0.017623544219935283
dummy2,280,-0.010416390673398723
dummy2,281,-0.002278653119120122
dummy2,282,-0.004223760413726296
dummy2,283,-0.008477750177393772
dummy2,284,-0.018229883611702746
dummy2,285,0.031241290753609263
dummy2,286,0.002754820520170398
dummy2,287,-0.006079155355669386
dummy2,288,-0.0022471186937771392
dummy2,289,-0.005502850419915717
dummy2,290,-0.001863290174789256
dummy2,291,0.002073908658117407
dummy2,292,0.021599268545401173
dummy2,293,0.016485422571612673
dummy2,294,0.009536190835111924
dummy2,295,0.00493435556815669
dummy2,296,-0.014399101626914046
dummy2,297,0.0054301026895107185
dummy2,298,-0.022666174299303066
dummy2,299,0.008714381571792273
dummy2,300,-0.005559861595408222
dummy2,301,-0.004149518167775312
dummy2,302,0.0016440555438919091
dummy2,303,-0.010397788660611695
dummy2,304,-0.0001387457191486252
dummy2,305,0.0013163443035750788
dummy2,306,-0.004659591375247629
dummy2,307,-0.0024792166411611305
dummy2,308,0.006033417031137134
dummy2,309,0.004419803489927432
dummy2,310,0.0013244603860744775
dummy2,311,-0.010205487387091594
dummy2,312,-0.010740058098789973
dummy2,313,0.01569871374921361
dummy2,314,-0.0011698300215510216
dummy2,315,-0.0060949003362225085
dummy2,316,0.0006935820326887665
dummy2,317,-0.009329858939838509
dummy2,318,0.018227978706761405
dummy2,319,-0.002370698120301995
dummy2,320,0.0007764103150975643
dummy2,321,-0.004238438081836549
dummy2,322,-0.026314195760519965
dummy2,323,-0.008808278161964722
dummy2,324,0.0044631169849367325
dummy2,325,-0.00030235581028392744
dummy2,326,-0.0005669819432920775
dummy2,327,-0.017164291514820462
dummy2,328,-0.01405747257977552
dummy2,329,0.00019882095907064468
dummy2,330,0.004761047227852089
dummy2,331,0.01067275045244287
dummy2,332,-0.0011817721216296206
dummy2,333,-0.006382032153974038
dummy2,334,-0.002913257718283546
dummy2,335,-0.008192599445155935
dummy2,336,-0.01562609643388413
dummy2,337,-0.006402787928394105
dummy2,338,0.004481588340658149
dummy2,339,0.011556803277187555
dummy2,340,-0.006091507296227483
dummy2,341,-0.0003817449190641753
dummy2,342,0.0031535829188840125
dummy2,343,-0.010244884099058993
dummy2,344,0.0006532887435497514
dummy2,345,0.0021127353907886004
dummy2,346,-0.008255309317519277
dummy2,347,-0.0008644366862000652
dummy2,348,-0.010409570265855095
dummy2,349,0.0016605222543617515
dummy2,350,0.005612968814316943
dummy2,351,-0.008830640252377009
dummy2,352,-0.016571168456380292
dummy2,353,0.007506423022498154
dummy2,354,0.011957708891365826
dummy2,355,0.007241883789850689
dummy2,356,-0.009519263175505444
dummy2,357,0.013465280798428125
dummy2,358,0.00810241634559361
dummy2,359,0.011632574658499095
dummy2,360,0.007773147903826327
dummy2,361,0.004096692151914105
dummy2,362,-0.008873312245771814
dummy2,363,-0.0016938061558420259
dummy2,364,0.001704420549501151
dummy2,365,-0.012841627503917152
dummy2,366,-0.005399171756408805
dummy2,367,-0.0012630882343636074
dummy2,368,0.0019647502217168267
dummy2,369,0.0039782338270839546
dummy2,370,0.009481556911508093
dummy2,371,0.0018974095928729895
dummy2,372,-0.011412862716753125
dummy2,373,0.005410915230058322
dummy2,374,-0.007055335331450863
dummy2,375,-0.00802113967997542
dummy2,376,0.00011185222923071336
dummy2,377,-0.0010925612679173469
dummy2,378,0.013867830163448502
dummy2,379,-0.0016319173063656933
dummy2,380,0.012562681024199662
dummy2,381,0.0021971224182024685
dummy2,382,-0.010554046108698145
dummy2,383,0.009082025858202059
dummy2,384,0.004588952165784477
dummy2,385,0.013156614987131832
dummy2,386,-0.007698383097736183
dummy2,387,-0.01221895345114632
dummy2,388,0.01240968916080476
dummy2,389,0.02498007987337658
dummy2,390,0.013302893410788386
dummy2,391,-0.005343438020013025
dummy2,392,-0.0022149581659576256
dummy2,393,0.02367129887480246
dummy2,394,0.006902510935709039
dummy2,395,0.00582051703520392
dummy2,396,0.0047857490987599505
dummy2,397,-0.010389716649523706
dummy2,398,-0.005658564889837514
dummy2,399,-0.017507692728099045
dummy2,400,-0.023808944524628117
dummy2,401,0.004656227970418314
dummy2,402,0.0005705073414148387
dummy2,403,-0.014951564246963756
dummy2,404,-0.0011359270369162289
dummy2,405,0.005658627544313788
dummy2,406,-0.004197775302906326
dummy2,407,0.007387991805440919
dummy2,408,0.02328298080858815
dummy2,409,0.0032600946737701975
dummy2,410,0.017796496972017906
dummy2,411,-0.007468705934947195
dummy2,412,-0.02639499050812688
dummy2,413,0.01508141244851019
dummy2,414,-0.018939215567718826
dummy2,415,-0.010849607918554938
dummy2,416,-0.006423239709082651
dummy2,417,-0.0064884086137162456
dummy2,418,-0.006900650528010033
dummy2,419,-0.012866656082394456
dummy2,420,0.0063580672183078946
dummy2,421,0.015270432375883658
dummy2,422,0.014393070866912439
dummy2,423,-0.004174518565431384
dummy2,424,0.000310424234463369
dummy2,425,-0.011194012452023117
dummy2,426,-0.0001335293202728849
dummy2,427,0.0028081740195631255
dummy2,428,0.005552493570586847
dummy2,429,-0.005176823889947002
dummy2,430,0.004912170290850781
dummy2,431,0.01436644251188568
dummy2,432,0.011795498739669341
dummy2,433,-0.02111423714610794
dummy2,434,0.009288228358457218
dummy2,435,-0.017324456578464265
dummy2,436,-0.00033151649901697056
dummy2,437,0.018923315942551255
dummy2,438,-0.0010883985319409817
dummy2,439,0.0116778687207173
dummy2,440,-0.005394069456810868
dummy2,441,0.022701880552432385
dummy2,442,-0.01724750238753714
dummy2,443,0.0017536792540369106
dummy2,444,-0.006164220901324652
dummy2,445,0.0027423198590526
dummy2,446,-0.006163986182279757
dummy2,447,-0.003204719615235163
dummy2,448,-0.0031496427553330264
dummy2,449,-0.0026176513217901487
dummy2,450,-0.0008817628622779239
dummy2,451,-0.0011664805289655078
dummy2,452,-0.012244655944362748
dummy2,453,0.0018189061820095276
dummy2,454,-0.014444542884795908
dummy2,455,-0.009814958317292621
dummy2,456,0.01596835904305749
dummy2,457,-0.0026804343186618562
dummy2,458,-0.010422865153181249
dummy2,459,0.008417931087166153
dummy2,460,-0.001963070023762725
dummy2,461,0.009261331669804918
dummy2,462,0.009507006111713068
dummy2,463,-0.005721671217820301
dummy2,464,-0.013028596973615691
dummy2,465,-0.001578268941567984
dummy2,466,-0.0033484304973789847
dummy2,467,0.00031688794815920573
dummy2,468,-0.011152529289091717
dummy2,469,-0.009712447746004216
dummy2,470,-0.003528047758848629
dummy2,471,-0.000644277116130354
dummy2,472,0.004676973482979463
dummy2,473,-0.00035249909111456645
dummy2,474,0.01688117488600227
dummy2,475,0.012184844070088019
dummy2,476,0.0008776584612419924
dummy2,477,-0.009352972995095854
dummy2,478,0.004607301158995991
dummy2,479,-0.0033466072090835297
dummy2,480,-0.001968741761135817
dummy2,481,0.002424099790186318
dummy2,482,-0.005514237386719856
dummy2,483,0.004587717716315387
dummy2,484,0.01130306948481552
dummy2,485,-0.009284250128224869
dummy2,486,-0.0022541028305518296
dummy2,487,0.007198897701895746
dummy2,488,0.001326788174800697
dummy2,489,0.013412491339259702
dummy2,490,-0.0016614597434170264
dummy2,491,-0.01772354600330317
dummy2,492,0.0029342044786053734
dummy2,493,0.0065602155311585975
dummy2,494,-0.002896424841402734
dummy2,495,-0.01208299864342166
dummy2,496,0.005261912632306576
dummy2,497,-0.004495100412995612
dummy2,498,-0.01609308628708206
dummy2,499,0.005672457318524948
dummy2,500,-0.0015881130702890545
dummy2,501,-0.0019345529691889851
dummy2,502,0.016426658260648708
dummy2,503,0.0058708903817574765
dummy2,504,0.004706195074202668
dummy2,505,0.007710050892953291
dummy2,506,-0.022646461510479554
dummy2,507,-0.005530373953789081
dummy2,508,-0.008564064520701464
dummy2,509,0.00430424090755821
dummy2,510,0.009118999693072283
dummy2,511,-0.008375914580859956
dummy2,512,-0.010895677237138912
dummy2,513,-0.0010628854854388692
dummy2,514,-0.009330264842660085
dummy2,515,0.01728675396729784
dummy2,516,-0.008476933399045095
dummy2,517,-0.012080918506441662
dummy2,518,-0.01913237407381274
dummy2,519,0.013113425093521869
dummy2,520,-0.00249104277067147
dummy2,521,0.007896102962752116
dummy2,522,0.006394250101322996
dummy2,523,0.001208702667703676
dummy2,524,0.007764700033737526
dummy2,525,0.003470787666998376
dummy2,526,-0.009013628700429877
dummy2,527,0.012777602645257957
dummy2,528,0.009253693869972324
dummy2,529,0.01581941370130835
dummy2,530,-0.010843505531301645
dummy2,531,-0.01263488560332604
dummy2,532,0.009201916930244636
dummy2,533,-0.01717710703087505
dummy2,534,0.014211382388936045
dummy2,535,0.015838161329250866
dummy2,536,0.002893403962890062
dummy2,537,0.0038219722969081715
dummy2,538,0.00545535884052839
dummy2,539,0.0044119910613318325
dummy2,540,0.012245318246009163
dummy2,541,-0.01329814356247283
dummy2,542,0.001264858758119658
dummy2,543,0.013140438913829655
dummy2,544,0.0036590628938242276
dummy2,545,0.018093003947676323
dummy2,546,0.017516790129754156
dummy2,547,-0.003031244092793095
dummy2,548,0.008909160900429924
dummy2,549,0.00540553979075753
dummy2,550,0.005462497613869743
dummy2,551,0.009571994453487775
dummy2,552,0.00406834565184111
dummy2,553,-0.015621140930100808
dummy2,554,-0.003981754684886596
dummy2,555,0.0009448421304547594
dummy2,556,0.005020296229517385
dummy2,557,0.002179317849467566
dummy2,558,0.012031461686980549
dummy2,559,-0.008357257747642066
dummy2,560,-0.007540847953355634
dummy2,561,0.01655184110458663
dummy2,562,0.009388589554752969
dummy2,563,0.01814305566105645
dummy2,564,0.004473642855380433
dummy2,565,0.006862858931748761
dummy2,566,-0.0059470560744632195
dummy2,567,-0.007293062441192433
dummy2,568,-0.003190958380130837
dummy2,569,-0.015350076638398491
dummy2,570,-0.005647100061587196
dummy2,571,-0.0038936693307505266
dummy2,572,-0.012961822181747351
dummy2,573,0.0005903924280481476
dummy2,574,-0.003956170300103423
dummy2,575,0.014238314348837378
dummy2,576,-0.002779768694002982
dummy2,577,0.0025514973824805054
dummy2,578,0.0006079220199808333
dummy2,579,0.0046361202476425944
dummy2,580,-0.004577721346802122
dummy2,581,0.00409062139779337
dummy2,582,-0.01618250882287242
dummy2,583,0.0038447839857269628
dummy2,584,0.016358317856751903
dummy2,585,0.009694363882070789
dummy2,586,-0.002364938693943941
dummy2,587,-0.00024353196108783948
dummy2,588,-0.001699702165080197
dummy2,589,0.014356957533742332
dummy2,590,-0.01899142712789681
dummy2,591,0.01281968815096679
dummy2,592,0.020159534032892168
dummy2,593,0.010823869237960082
dummy2,594,-0.01672014919263276
dummy2,595,0.0008975900793402047
dummy2,596,-0.01074538945862713
dummy2,597,-0.00955212749565959
dummy2,598,0.010124805710340468
dummy2,599,-0.0032522154331502406
dummy2,600,-0.004923258898308802
dummy2,601,-0.011859203399554374
dummy2,602,-0.007390658554616181
dummy2,603,0.0081000832193876
dummy2,604,-0.014302638426988423
dummy2,605,0.010513869290754485
dummy2,606,-0.010795925594141664
dummy2,607,-0.008352405390315454
dummy2,608,0.0038291625794730777
dummy2,609,0.0039433000763509085
dummy2,610,0.008093323525180551
dummy2,611,0.0031679318293100778
dummy2,612,-0.013412169757638814
dummy2,613,0.020668213107820854
dummy2,614,-0.015080850870701212
dummy2,615,-0.004309798192856817
dummy2,616,0.010290069025013615
dummy2,617,-0.013912970131784164
dummy2,618,8.453578565337239e-05
dummy2,619,-0.01507573993886524
dummy2,620,-0.006864165441317738
dummy2,621,0.009683899954453068
dummy2,622,0.0036652735019586657
dummy2,623,0.005136426541142214
dummy2,624,0.008042703387456718
dummy2,625,-0.013511460292896516
dummy2,626,-0.019326633395005288
dummy2,627,0.01897199288353235
dummy2,628,-0.0058995743091330155
dummy2,629,0.0064860579025989296
dummy2,630,-0.012244083018302376
dummy2,631,0.005635190177454064
dummy2,632,-0.009936537085977193
dummy2,633,0.013471928199066951
dummy2,634,-0.007727092287069581
dummy2,635,0.017047245305491288
dummy2,636,0.003254819615349902
dummy2,637,0.01832614239133079
dummy2,638,-0.010053432874876922
dummy2,639,-0.02902074140853017
dummy2,640,-0.014377445227289343
dummy2,641,0.009989100854101096
dummy2,642,0.004225080699622907
dummy2,643,-0.02301668660057743
dummy2,644,0.0031284642845008648
dummy2,645,-0.000694788488196707
dummy2,646,-0.00924001296777277
dummy2,647,-0.019575939272606036
dummy2,648,-0.0006717305809820218
dummy2,649,0.019471449767131332
dummy2,650,-0.01303259457446515
dummy2,651,-0.0010787533550580264
dummy2,652,0.011339602206518862
dummy2,653,0.0032268564926596355
dummy2,654,-0.014838832764464405
dummy2,655,0.0016517778581439657
dummy2,656,-0.007695734244656194
dummy2,657,-0.008179955206344403
dummy2,658,-0.009474406366383192
dummy2,659,-0.003027737864961466
dummy2,660,0.001469160153440896
dummy2,661,0.004390830913177268
dummy2,662,-0.002543811375040228
dummy2,663,-0.025906075336118994
dummy2,664,-0.02869673136046913
dummy2,665,-0.0023492533222366774
dummy2,666,-0.006802083113036872
dummy2,667,-0.018883949514290066
dummy2,668,0.0025810569779167736
dummy2,669,0.00898824466990611
dummy2,670,0.004250128590282287
dummy2,671,-0.02638684022587512
dummy2,672,-0.004880422678049001
dummy2,673,0.012251693562788768
dummy2,674,0.006144850975921656
dummy2,675,0.0008729779268714655
dummy2,676,-0.002086354685864933
dummy2,677,0.015405052658822527
dummy2,678,-0.0028177916656204616
dummy2,679,0.013892669132605562
dummy2,680,-0.00022853283761037346
dummy2,681,0.017188722242430288
dummy2,682,-0.0017496950859836602
dummy2,683,0.0017408101355620431
dummy2,684,-0.014885007019941554
dummy2,685,0.0005152742297447332
dummy2,686,-0.00490765338639676
dummy2,687,0.002181929460736143
dummy2,688,-0.0007064017563749303
dummy2,689,-0.01584474438895711
dummy2,690,-0.01959385798941593
dummy2,691,0.006308052938493347
dummy2,692,0.021580230521933697
dummy2,693,0.003004648889108452
dummy2,694,0.0008982461840325584
dummy2,695,-0.01500128448115845
dummy2,696,0.0033349727763081205
dummy2,697,0.0027415017397061092
dummy2,698,0.0016377753483816093
dummy2,699,0.009517797895881586
dummy2,700,-0.0032639263068823254
dummy2,701,0.011179445188247428
dummy2,702,0.009720681059476988
dummy2,703,0.010572734250947846
dummy2,704,-0.01439830417967869
dummy2,705,0.0024528817993978436
dummy2,706,0.008168146965445544
dummy2,707,0.002143523428919991
dummy2,708,-0.008708342662679058
dummy2,709,-0.008535272654132675
dummy2,710,-0.0013532369650230969
dummy2,711,0.0031940749782322087
dummy2,712,0.007360950603477079
dummy2,713,0.009047107645607788
dummy2,714,0.0066836071133380415
dummy2,715,-0.003612239943976192
dummy2,716,-0.006739459115269852
dummy2,717,-0.00798576939561002
dummy2,718,0.005914495251079899
dummy2,719,-0.009353245141991096
dummy2,720,0.003024539796641079
dummy2,721,-0.0014204243345332657
dummy2,722,-0.0018632641167322106
dummy2,723,0.021182053016011615
dummy2,724,-0.011621759531063425
dummy2,725,0.0003810418167446983
dummy2,726,0.009524402000895549
dummy2,727,0.0024857243849005783
dummy2,728,-0.00416641600412504
dummy2,729,-0.018439134825898762
dummy2,730,-0.012452797656068881
dummy2,731,-0.003127202621257652
dummy2,732,0.007023318851576477
dummy2,733,-0.0037457209596496455
dummy2,734,0.005316641227608443
dummy2,735,0.00253567625763651
dummy2,736,0.007233666157937968
dummy2,737,-0.00840515787517404
dummy2,738,-0.007557445335237389
dummy2,739,-0.00882488155509975
dummy2,740,-0.0038205669680344556
dummy2,741,-0.01742990065984884
dummy2,742,0.020031251207360157
dummy2,743,0.00233678907777346
dummy2,744,0.0009690804213491333
dummy2,745,-0.006284567315617551
dummy2,746,-0.012178582473140409
dummy2,747,0.012414637351821467
dummy2,748,-0.0120538045696712
dummy2,749,0.009305433633777227
dummy2,750,0.00551835689073954
dummy2,751,0.000991481864403454
dummy2,752,0.0028520615352221057
dummy2,753,-0.00673334232102718
dummy2,754,-0.022375346406997565
dummy2,755,0.013919141233449395
dummy2,756,-0.006806257503498614
dummy2,757,-0.010567131898545412
dummy2,758,0.009729388566036334
dummy2,759,-0.006132527379500319
dummy2,760,0.0030590348783690047
dummy2,761,0.01694072752574982
dummy2,762,0.016165056819644974
dummy2,763,0.0013958271555281065
dummy2,764,-0.0015114718232354107
dummy2,765,0.005758085796927048
dummy2,766,-0.017283496862944503
dummy2,767,-0.007243188750035046
dummy2,768,-0.0020328395311981495
dummy2,769,0.0036138815190867035
dummy2,770,0.00010864298840829179
dummy2,771,0.006948314489854113
dummy2,772,-0.007945570567605031
dummy2,773,-0.002565802360225078
dummy2,774,-0.0020682591070695366
dummy2,775,0.0060926817303581515
dummy2,776,-0.01182675584592019
dummy2,777,-0.010117231376511882
dummy2,778,-0.020143543973439648
dummy2,779,0.0070198121477798026
dummy2,780,0.007215880512916328
dummy2,781,0.0026442399516426462
dummy2,782,-0.004998859709026249
dummy2,783,-0.00035216130189041905
dummy2,784,-0.014534207821640166
dummy2,785,-0.023680676584959315
dummy2,786,0.0013829690545179574
dummy2,787,0.01012599092015165
dummy2,788,0.018481671727194282
dummy2,789,0.006840354676700855
dummy2,790,-0.0026115715747110357
dummy2,791,0.00023827970002798793
dummy2,792,-0.010673220921084692
dummy2,793,-0.01734376884922284
dummy2,794,-0.014609356286445774
dummy2,795,-0.007943926576956528
dummy2,796,-0.006613764648967901
dummy2,797,0.011695321985679463
dummy2,798,0.007846904395030663
dummy2,799,0.0018911010485407331
dummy2,800,0.015331349409507311
dummy2,801,-0.00199678939087633
dummy2,802,-0.0021640858304721178
dummy2,803,0.007083371636458224
dummy2,804,-0.008327136247675893
dummy2,805,0.002783409403296133
dummy2,806,0.004640866071966343
dummy2,807,-0.009520112713079953
dummy2,808,-0.004440105128404426
dummy2,809,-0.028558477615639788
dummy2,810,0.01790956995034776
dummy2,811,-0.006548366355779933
dummy2,812,4.908413680837498e-05
dummy2,813,0.006593484942126082
dummy2,814,-0.0008443907720234733
dummy2,815,-0.033600714113234176
dummy2,816,0.016328910649946238
dummy2,817,0.01585949525798469
dummy2,818,0.008017677758335395
dummy2,819,-0.003375203589161657
dummy2,820,-0.006630678826674341
dummy2,821,0.010776495887760973
dummy2,822,-0.008986053179945941
dummy2,823,-0.00609282635561037
dummy2,824,-0.0189608786162907
dummy2,825,0.019809716443965897
dummy2,826,-0.0067186674061971985
dummy2,827,-0.0004536800113825734
dummy2,828,0.009973937534223154
dummy2,829,-0.008993707637024784
dummy2,830,0.012876887854421426
dummy2,831,0.024622538030620644
dummy2,832,-0.015546856484469629
dummy2,833,-0.0007733287769511321
dummy2,834,0.004052148836981573
dummy2,835,0.02240553443751736
dummy2,836,0.017738956484912194
dummy2,837,0.007606787750589206
dummy2,838,0.016655427112318932
dummy2,839,0.015311055351464375
dummy2,840,-0.0090548269949835
dummy2,841,0.008921749206812546
dummy2,842,0.014301102659989517
dummy2,843,-0.0039008752881812825
dummy2,844,0.005690763961691658
dummy2,845,0.021642278214983435
dummy2,846,-0.01817801682624065
dummy2,847,-0.001718270880445516
dummy2,848,0.014586112433619292
dummy2,849,0.00020582754078703192
dummy2,850,-0.005865795176571709
dummy2,851,-0.00980844418576865
dummy2,852,-0.010915471897005702
dummy2,853,-0.02518168851766589
dummy2,854,-0.0032733177797368285
dummy2,855,-0.01565068595317598
dummy2,856,0.00011008924815314458
dummy2,857,-0.006955573929779191
dummy2,858,-0.00820909155170213
dummy2,859,-0.022230526062870126
dummy2,860,-0.013934234744615637
dummy2,861,0.00996819761394363
dummy2,862,0.0010374880733365899
dummy2,863,0.004713705139117508
dummy2,864,0.009703939987304011
dummy2,865,-0.012865033559016581
dummy2,866,-0.006615248482400027
dummy2,867,0.01532622010924456
dummy2,868,-0.01951488959866765
dummy2,869,0.007787761925371228
dummy2,870,-0.007870120665927516
dummy2,871,-0.003137588271258096
dummy2,872,-0.006527139888182987
dummy2,873,-0.013363441293833489
dummy2,874,0.00039496467008603986
dummy2,875,-0.0017345077983694779
dummy2,876,0.00036330136729034734
dummy2,877,0.009320768420518988
dummy2,878,0.00019997980184349728
dummy2,879,0.007296947535131437
dummy2,880,0.00786811537034282
dummy2,881,0.022575258101389828
dummy2,882,0.002035125595455156
dummy2,883,-0.008835164670355056
dummy2,884,-0.002029594350904773
dummy2,885,0.011183695071807165
dummy2,886,-0.01000733917285146
dummy2,887,0.0004668644219165685
dummy2,888,0.009252102173881838
dummy2,889,0.005870670549121826
dummy2,890,0.013373950659239853
dummy2,891,0.014816263995577117
dummy2,892,-0.0077065806862712805
dummy2,893,-0.011849244910562717
dummy2,894,-0.012504618192362926
dummy2,895,-0.01009117486178468
dummy2,896,-0.021189238908615238
dummy2,897,-0.0030737468086670106
dummy2,898,0.0008735921595572904
dummy2,899,-0.005497593742207485
dummy2,900,0.013993054010477124
dummy2,901,0.01898880190890395
dummy2,902,-0.011809441075058658
dummy2,903,-0.003101403736678776
dummy2,904,-0.0035158422702039616
dummy2,905,0.0012010250450984472
dummy2,906,0.012950621843245358
dummy2,907,0.006038782227105521
dummy2,908,-0.007431474581824915
dummy2,909,0.013325136193135023
dummy2,910,0.002166399447176559
dummy2,911,0.012247963767194392
dummy2,912,0.0057566940250737275
dummy2,913,0.0001362573153258495
dummy2,914,0.0017126386140233762
dummy2,915,0.014470281314373779
dummy2,916,-0.005632973513201023
dummy2,917,-0.01092088791200041
dummy2,918,-0.01177986534319686
dummy2,919,-0.005723476001659122
dummy2,920,0.00012998508288575295
dummy2,921,-0.014096699357484255
dummy2,922,-0.004807758326780487
dummy2,923,0.012246514720175128
dummy2,924,0.0004941349767833003
dummy2,925,0.017778833208826228
dummy2,926,0.012185757663695895
dummy2,927,-0.012391357090002941
dummy2,928,0.006175843867392672
dummy2,929,0.010294119640176902
dummy2,930,0.01646865116366314
dummy2,931,-0.004298409250402813
dummy2,932,-0.014712309624158593
dummy2,933,-0.011496137844975607
dummy2,934,0.003007443724634129
dummy2,935,-0.025146554229241502
dummy2,936,-0.008946127443998364
dummy2,937,0.00719471044116915
dummy2,938,0.013342644465176079
dummy2,939,-0.013623459905002022
dummy2,940,0.0032243752173073403
dummy2,941,0.006972951574908848
dummy2,942,0.029833741978727346
dummy2,943,-0.008247973619248228
dummy2,944,0.015399450522764369
dummy2,945,0.011146345348517883
dummy2,946,0.0031516353890470583
dummy2,947,0.005972611693948693
dummy2,948,-0.008855116385312556
dummy2,949,0.002566426946653877
dummy2,950,0.0010678104390198229
dummy2,951,0.0003506595714881655
dummy2,952,-0.016424919232214563
dummy2,953,0.006014669540938655
dummy2,954,0.002175959360622315
dummy2,955,-0.001136634138887871
dummy2,956,0.013239573225387602
dummy2,957,-0.01945127623950782
dummy2,958,0.007099114591717637
dummy2,959,2.3581492389013192e-05
dummy2,960,0.001641917837069684
dummy2,961,0.009719164967528116
dummy2,962,0.005816868213734949
dummy2,963,0.004445831513919529
dummy2,964,-0.009390813346122684
dummy2,965,0.007605831457489387
dummy2,966,-0.004873886710875297
dummy2,967,0.005073669336184139
dummy2,968,0.007692434768920009
dummy2,969,-0.004813248612354215
dummy2,970,0.006710827859798485
dummy2,971,2.5828120008952737e-05
dummy2,972,0.014231708720252811
dummy2,973,-0.010957715443666416
dummy2,974,-0.012753710905109017
dummy2,975,0.0031655578469056422
dummy2,976,0.012097292060825993
dummy2,977,-0.0045554106387655224
dummy2,978,-0.014004723260732987
dummy2,979,0.002611918054608253
dummy2,980,-0.008090840497899876
dummy2,981,-0.02018096168459138
dummy2,982,-0.0035876174291473717
dummy2,983,0.007261471835512623
dummy2,984,-0.007238122069011865
dummy2,985,-0.007611551766203206
dummy2,986,0.004639606769050175
dummy2,987,-0.00865196692077319
dummy2,988,-0.0071050630697868655
dummy2,989,-0.0005728901041486267
dummy2,990,0.003522054310002909
dummy2,991,-0.024210923065545842
dummy2,992,0.00034291002768327417
dummy2,993,-0.006795789328034374
dummy2,994,-0.011417813006239896
dummy2,995,0.007558383331875973
dummy2,996,-0.008938183515180498
dummy2,997,-0.010943184815449314
dummy2,998,-0.0028784005979289873
dummy2,999,-0.006024439661150183
